FIPS,county,state,population,households,utility_gas_households,lat,lon
01001,Autauga,Alabama,58805,21559,7563,32.500194,-86.487813
01003,Baldwin,Alabama,231767,84047,8068,30.537396,-87.761478
01005,Barbour,Alabama,25223,9322,558,31.843981,-85.301306
01007,Bibb,Alabama,22293,7259,1793,33.032236,-87.136826
01009,Blount,Alabama,59134,21205,2453,33.954604,-86.592667
01011,Bullock,Alabama,10357,3429,293,32.115838,-85.702354
01013,Butler,Alabama,19051,6649,848,31.776019,-86.652400
01015,Calhoun,Alabama,116441,44572,13341,33.727215,-85.817974
01017,Chambers,Alabama,34772,13582,2128,32.856440,-85.259640
01019,Cherokee,Alabama,24971,10836,1562,34.180501,-85.629887
01021,Chilton,Alabama,45014,17140,1280,32.879146,-86.688861
01023,Choctaw,Alabama,12665,5330,254,32.016121,-88.262482
01025,Clarke,Alabama,23087,9323,2021,31.683493,-87.815868
01027,Clay,Alabama,14236,5153,1016,33.274342,-85.817245
01029,Cleburne,Alabama,15056,5835,450,33.625217,-85.495748
01031,Coffee,Alabama,53465,19951,1458,31.353217,-85.899556
01033,Colbert,Alabama,57227,21797,6257,34.724339,-87.681892
01035,Conecuh,Alabama,11597,4585,690,31.416430,-86.997537
01037,Coosa,Alabama,10387,4016,209,32.976884,-86.156212
01039,Covington,Alabama,37570,14995,2450,31.284146,-86.409203
01041,Crenshaw,Alabama,13194,5011,577,31.747324,-86.296787
01043,Cullman,Alabama,87866,31733,3243,34.162652,-86.832690
01045,Dale,Alabama,49326,19405,1752,31.383858,-85.637710
01047,Dallas,Alabama,38462,15409,6325,32.411818,-87.035342
01049,DeKalb,Alabama,71608,26365,3003,34.452725,-85.817465
01051,Elmore,Alabama,87977,29794,5367,32.558527,-86.225332
01053,Escambia,Alabama,36757,12931,1361,31.085439,-87.280078
01055,Etowah,Alabama,103436,38765,14102,34.012182,-86.025892
01057,Fayette,Alabama,16321,6805,1571,33.726912,-87.767490
01059,Franklin,Alabama,32113,11017,3779,34.463509,-87.793592
01061,Geneva,Alabama,26659,10572,560,31.094511,-85.781426
01063,Greene,Alabama,7730,3178,533,32.833838,-87.924522
01065,Hale,Alabama,14785,5490,767,32.783251,-87.627964
01067,Henry,Alabama,17146,6556,214,31.469275,-85.271132
01069,Houston,Alabama,107202,39784,2325,31.204793,-85.396320
01071,Jackson,Alabama,52579,20367,2253,34.727289,-85.943552
01073,Jefferson,Alabama,674721,263801,133124,33.517206,-86.811606
01075,Lamar,Alabama,13972,5631,1438,33.761275,-88.108771
01077,Lauderdale,Alabama,93564,38513,10341,34.865524,-87.608858
01079,Lawrence,Alabama,33073,12551,2240,34.540863,-87.271580
01081,Lee,Alabama,174241,60731,10383,32.592265,-85.359778
01083,Limestone,Alabama,103570,32725,4196,34.803982,-86.922366
01085,Lowndes,Alabama,10311,4213,329,32.164241,-86.615186
01087,Macon,Alabama,19532,7592,2588,32.429073,-85.711764
01089,Madison,Alabama,388153,151628,32785,34.742996,-86.615330
01091,Marengo,Alabama,19323,7499,1227,32.342372,-87.803475
01093,Marion,Alabama,29341,11780,4562,34.110448,-87.876476
01095,Marshall,Alabama,97612,35115,8848,34.311249,-86.291329
01097,Mobile,Alabama,414809,157557,57223,30.684049,-88.175178
01099,Monroe,Alabama,19772,8050,739,31.498800,-87.364576
01101,Montgomery,Alabama,228954,89511,41475,32.346473,-86.233787
01103,Morgan,Alabama,123421,46388,9559,34.513887,-86.931981
01105,Perry,Alabama,8511,3140,773,32.584881,-87.369738
01107,Pickens,Alabama,19123,7731,1449,33.284667,-88.074381
01109,Pike,Alabama,33009,11700,1817,31.786041,-85.946994
01111,Randolph,Alabama,21967,8655,827,33.264692,-85.427378
01113,Russell,Alabama,59183,23694,3371,32.414904,-85.054594
01115,St. Clair,Alabama,91103,32765,7966,33.660943,-86.374875
01117,Shelby,Alabama,223024,80756,32673,33.290336,-86.738990
01119,Sumter,Alabama,12345,5355,440,32.571003,-88.230925
01121,Talladega,Alabama,82149,31741,7182,33.376936,-86.165876
01123,Tallapoosa,Alabama,41311,16359,2208,32.851728,-85.864016
01125,Tuscaloosa,Alabama,227036,74713,21172,33.214817,-87.518474
01127,Walker,Alabama,65342,25440,2905,33.834217,-87.250515
01129,Washington,Alabama,15388,5830,345,31.413666,-88.195263
01131,Wilcox,Alabama,10600,3961,188,32.007448,-87.376912
01133,Winston,Alabama,23540,9612,1176,34.164369,-87.415624
04001,Apache,Arizona,66021,21505,1271,35.543654,-109.419015
04003,Cochise,Arizona,125447,50917,26057,31.603486,-110.072835
04005,Coconino,Arizona,145101,49016,24316,35.476113,-111.601825
04007,Gila,Arizona,53272,22523,8200,33.844439,-111.015003
04009,Graham,Arizona,38533,11348,5627,32.867145,-109.808107
04011,Greenlee,Arizona,9563,3295,2056,32.985155,-109.259546
04012,La Paz,Arizona,16557,9928,908,33.954185,-114.183775
04013,Maricopa,Arizona,4420568,1596784,429272,33.490147,-112.044016
04015,Mohave,Arizona,213267,90413,29106,35.034511,-114.262415
04017,Navajo,Arizona,106717,36406,10817,34.862151,-110.205157
04019,Pima,Arizona,1043433,410942,214760,32.216427,-110.958030
04021,Pinal,Arizona,425264,148435,47477,33.069323,-111.602135
04023,Santa Cruz,Arizona,47669,16049,5034,31.439234,-110.945948
04025,Yavapai,Arizona,236209,101245,51628,34.628734,-112.273841
04027,Yuma,Arizona,203881,74624,13347,32.641391,-114.605444
05001,Arkansas,Arkansas,17149,7416,2858,34.403488,-91.460834
05003,Ashley,Arkansas,19062,7716,2819,33.179590,-91.877908
05005,Baxter,Arkansas,41627,18727,5402,36.331791,-92.383935
05007,Benton,Arkansas,284333,99661,46126,36.335056,-94.230342
05009,Boone,Arkansas,37373,15043,4641,36.266608,-93.098769
05011,Bradley,Arkansas,10545,4233,1048,33.574422,-92.101277
05013,Calhoun,Arkansas,4739,1754,698,33.585989,-92.500683
05015,Carroll,Arkansas,28260,11079,2896,36.375744,-93.574712
05017,Chicot,Arkansas,10208,4052,1489,33.325951,-91.318357
05019,Clark,Arkansas,21446,8336,2865,34.099325,-93.123962
05021,Clay,Arkansas,14552,6476,2931,36.370287,-90.366417
05023,Cleburne,Arkansas,24711,10882,1982,35.507218,-92.037753
05025,Cleveland,Arkansas,7550,3170,481,33.912967,-92.136375
05027,Columbia,Arkansas,22801,8456,3315,33.258766,-93.247178
05029,Conway,Arkansas,20715,8491,2238,35.212990,-92.705923
05031,Craighead,Arkansas,111231,42203,15448,35.835762,-90.669235
05033,Crawford,Arkansas,60133,24065,9117,35.494096,-94.285922
05035,Crittenden,Arkansas,48163,19021,9190,35.176704,-90.213521
05037,Cross,Arkansas,16833,6568,1743,35.251667,-90.777424
05039,Dallas,Arkansas,6482,2992,930,33.864882,-92.525216
05041,Desha,Arkansas,11395,5059,2333,33.768029,-91.415165
05043,Drew,Arkansas,17350,7207,2341,33.627329,-91.784085
05045,Faulkner,Arkansas,123498,45091,15231,35.105697,-92.406071
05047,Franklin,Arkansas,17097,6671,2045,35.442155,-93.891039
05049,Fulton,Arkansas,12075,5014,175,36.375654,-91.766807
05051,Garland,Arkansas,100180,40906,12041,34.505767,-93.080729
05053,Grant,Arkansas,17958,7049,2614,34.311672,-92.412583
05055,Greene,Arkansas,45736,17587,2369,36.071536,-90.522562
05057,Hempstead,Arkansas,20065,8100,3058,33.698177,-93.620782
05059,Hot Spring,Arkansas,33040,12515,3896,34.353569,-92.895511
05061,Howard,Arkansas,12785,5271,1626,33.981466,-93.908938
05063,Independence,Arkansas,37938,14325,4036,35.750729,-91.607338
05065,Izard,Arkansas,13577,4911,402,36.121500,-91.911716
05067,Jackson,Arkansas,16755,6241,3023,35.623062,-91.246504
05069,Jefferson,Arkansas,67260,26630,11499,34.234814,-92.045118
05071,Johnson,Arkansas,25749,9792,2618,35.476548,-93.473125
05073,Lafayette,Arkansas,6308,2898,1027,33.278875,-93.557713
05075,Lawrence,Arkansas,16216,6584,2977,36.070844,-91.064441
05077,Lee,Arkansas,8600,3202,1244,34.787429,-90.769631
05079,Lincoln,Arkansas,12941,3598,607,33.973433,-91.745899
05081,Little River,Arkansas,12026,5292,1471,33.700349,-94.198663
05083,Logan,Arkansas,21131,8359,2449,35.227664,-93.768311
05085,Lonoke,Arkansas,74015,27218,9031,34.916983,-91.973917
05087,Madison,Arkansas,16521,6045,1142,36.062896,-93.757685
05089,Marion,Arkansas,16826,6918,884,36.284395,-92.660219
05091,Miller,Arkansas,42600,16237,5921,33.402394,-93.987198
05093,Mississippi,Arkansas,40685,16623,8520,35.843368,-90.001606
05095,Monroe,Arkansas,6799,3234,1224,34.777063,-91.221516
05097,Montgomery,Arkansas,8484,3706,749,34.514568,-93.622447
05099,Nevada,Arkansas,8310,3188,1215,33.725543,-93.359433
05101,Newton,Arkansas,7225,2996,83,35.982591,-93.165658
05103,Ouachita,Arkansas,22650,9487,4399,33.573847,-92.838686
05105,Perry,Arkansas,10019,3700,292,34.998711,-92.777667
05107,Phillips,Arkansas,16568,7561,3919,34.530919,-90.703802
05109,Pike,Arkansas,10171,4215,1105,34.186355,-93.626194
05111,Poinsett,Arkansas,22965,9567,3781,35.604751,-90.558401
05113,Polk,Arkansas,19221,8114,1628,34.522847,-94.257930
05115,Pope,Arkansas,63381,22863,5946,35.309054,-93.096833
05117,Prairie,Arkansas,8282,3755,893,34.863817,-91.540516
05119,Pulaski,Arkansas,399125,161652,80528,34.775246,-92.315081
05121,Randolph,Arkansas,18571,7294,2922,36.302137,-90.989599
05123,St. Francis,Arkansas,23090,9313,2951,35.016355,-90.774948
05125,Saline,Arkansas,123416,45098,17986,34.596991,-92.546119
05127,Scott,Arkansas,9836,4114,669,34.904224,-94.097007
05129,Searcy,Arkansas,7828,3235,73,35.923072,-92.660663
05131,Sebastian,Arkansas,127799,52026,24586,35.318718,-94.354788
05133,Sevier,Arkansas,15839,5690,1120,34.015316,-94.303780
05135,Sharp,Arkansas,17271,7315,323,36.178093,-91.519530
05137,Stone,Arkansas,12359,4866,478,35.855715,-92.133812
05139,Union,Arkansas,39054,15855,7598,33.207421,-92.651980
05141,Van Buren,Arkansas,15796,7220,844,35.568095,-92.420130
05143,Washington,Arkansas,245871,89094,42224,36.095920,-94.172336
05145,White,Arkansas,76822,28903,7777,35.239408,-91.773595
05147,Woodruff,Arkansas,6269,3002,1275,35.233161,-91.251021
05149,Yell,Arkansas,20263,7797,1771,35.127752,-93.282930
06001,Alameda,California,1682353,573174,397155,37.706599,-122.098766
06003,Alpine,California,1204,397,11,38.728485,-119.847822
06005,Amador,California,40474,14844,4810,38.395906,-120.778038
06007,Butte,California,211632,83879,41480,39.658926,-121.726510
06009,Calaveras,California,45292,16958,3172,38.157342,-120.645222
06011,Colusa,California,21839,7329,3608,39.153446,-122.083801
06013,Contra Costa,California,1165927,398299,270465,37.935010,-122.024961
06015,Del Norte,California,27743,9805,444,41.790833,-124.164236
06017,El Dorado,California,191185,73078,24552,38.741021,-120.761446
06019,Fresno,California,1008654,310097,173187,36.743848,-119.765291
06021,Glenn,California,28917,10216,4148,39.665777,-122.179287
06023,Humboldt,California,136463,54120,29334,40.757636,-124.088127
06025,Imperial,California,179702,45768,16806,32.841599,-115.540049
06027,Inyo,California,19016,7954,870,37.171422,-118.268567
06029,Kern,California,909235,273556,169162,35.369809,-118.941786
06031,Kings,California,152486,43604,31504,36.252657,-119.726922
06033,Lake,California,68163,25508,1364,38.976233,-122.732922
06035,Lassen,California,32730,9172,1420,40.393749,-120.584467
06037,Los Angeles,California,10014009,3332504,2172758,34.067886,-118.245990
06039,Madera,California,156255,44479,13371,37.037074,-120.009796
06041,Marin,California,262321,104900,73275,37.986474,-122.546657
06043,Mariposa,California,17131,7846,304,37.532076,-119.971401
06045,Mendocino,California,91601,34164,10675,39.285646,-123.394154
06047,Merced,California,281202,81306,39752,37.274812,-120.628944
06049,Modoc,California,8700,3594,180,41.521665,-120.631201
06051,Mono,California,13195,5196,886,37.773016,-118.970627
06053,Monterey,California,439035,128003,64067,36.614681,-121.646692
06055,Napa,California,138019,48484,31191,38.325108,-122.319983
06057,Nevada,California,102241,40917,14140,39.220021,-120.915206
06059,Orange,California,3186989,1040001,719843,33.732683,-117.858773
06061,Placer,California,404739,145714,90291,38.839708,-121.198379
06063,Plumas,California,19790,8332,510,39.981152,-120.821957
06065,Riverside,California,2418185,736413,513081,33.799274,-117.076969
06067,Sacramento,California,1585055,547519,331552,38.568337,-121.381235
06069,San Benito,California,64209,18389,11622,36.843074,-121.402614
06071,San Bernardino,California,2181654,640090,466844,34.190969,-117.359766
06073,San Diego,California,3298634,1130703,649694,32.884418,-117.112348
06075,San Francisco,California,873965,362141,214061,37.760569,-122.436499
06077,San Joaquin,California,779233,231092,155867,37.924541,-121.302289
06079,San Luis Obispo,California,282424,106244,71437,35.341822,-120.665804
06081,San Mateo,California,764442,263351,174341,37.563575,-122.339869
06083,Santa Barbara,California,448229,148309,107567,34.645128,-120.102900
06085,Santa Clara,California,1936259,635314,395819,37.315518,-121.911090
06087,Santa Cruz,California,270861,96275,57969,36.986338,-121.938739
06089,Shasta,California,182155,70845,29655,40.578348,-122.300147
06091,Sierra,California,3236,1250,59,39.607184,-120.421856
06093,Siskiyou,California,44076,19195,695,41.572743,-122.493725
06095,Solano,California,453491,151191,103143,38.236295,-122.067272
06097,Sonoma,California,488863,188958,124858,38.412281,-122.720368
06099,Stanislaus,California,552878,174826,123966,37.618447,-120.955882
06101,Sutter,California,99633,32586,21105,39.137197,-121.643973
06103,Tehama,California,65829,24661,7548,40.114795,-122.219057
06105,Trinity,California,16112,5896,197,40.629982,-123.096608
06107,Tulare,California,473117,139044,95167,36.254134,-119.234540
06109,Tuolumne,California,55620,22937,1726,37.972006,-120.325224
06111,Ventura,California,843843,271639,207348,34.242809,-119.025486
06113,Yolo,California,216403,74614,46351,38.598163,-121.718874
06115,Yuba,California,81575,26434,14209,39.131905,-121.510607
08001,Adams,Colorado,519572,167290,120773,39.876949,-104.920943
08003,Alamosa,Colorado,16376,6240,2826,37.481888,-105.877629
08005,Arapahoe,Colorado,655070,241889,166488,39.646582,-104.838574
08007,Archuleta,Colorado,13359,5736,2363,37.240274,-107.089808
08009,Baca,Colorado,3506,1728,1181,37.368105,-102.532040
08011,Bent,Colorado,5650,1879,1330,38.072919,-103.166006
08013,Boulder,Colorado,330758,127365,91177,40.062992,-105.180215
08014,Broomfield,Colorado,74112,27199,19786,39.939871,-105.058131
08015,Chaffee,Colorado,19476,8650,3917,38.676811,-106.085131
08017,Cheyenne,Colorado,1748,804,415,38.817655,-102.470052
08019,Clear Creek,Colorado,9397,4378,2099,39.713458,-105.532527
08021,Conejos,Colorado,7461,3222,1369,37.199613,-105.987323
08023,Costilla,Colorado,3499,1620,78,37.292230,-105.444296
08025,Crowley,Colorado,5922,1421,940,38.193783,-103.856387
08027,Custer,Colorado,4704,2310,82,38.133198,-105.382527
08029,Delta,Colorado,31196,12277,6058,38.798198,-107.913769
08031,Denver,Colorado,715522,287756,191899,39.724860,-104.950033
08033,Dolores,Colorado,2326,930,366,37.746934,-108.758724
08035,Douglas,Colorado,357978,121492,92828,39.482023,-104.873570
08037,Eagle,Colorado,55731,18667,11174,39.600516,-106.733421
08039,Elbert,Colorado,26062,8816,3214,39.388552,-104.523110
08041,El Paso,Colorado,730395,262780,184058,38.877314,-104.752120
08043,Fremont,Colorado,48939,17449,11922,38.426941,-105.214303
08045,Garfield,Colorado,61685,21586,14331,39.507103,-107.549019
08047,Gilpin,Colorado,5808,2860,1397,39.856062,-105.483217
08049,Grand,Colorado,15717,6315,2800,40.051143,-105.978501
08051,Gunnison,Colorado,16918,6824,2855,38.660002,-106.944384
08053,Hinsdale,Colorado,788,376,21,38.002552,-107.298750
08055,Huerfano,Colorado,6820,3057,1200,37.612538,-104.887584
08057,Jackson,Colorado,1379,635,168,40.690192,-106.295485
08059,Jefferson,Colorado,582910,229007,168562,39.723690,-105.130309
08061,Kiowa,Colorado,1446,615,365,38.470085,-102.700966
08063,Kit Carson,Colorado,7087,3020,2198,39.310418,-102.462031
08065,Lake,Colorado,7436,3275,1644,39.244814,-106.307470
08067,La Plata,Colorado,55638,21370,10846,37.266021,-107.803947
08069,Larimer,Colorado,359066,134185,97160,40.504402,-105.089155
08071,Las Animas,Colorado,14555,6750,3346,37.192053,-104.501324
08073,Lincoln,Colorado,5675,1513,891,39.180049,-103.614219
08075,Logan,Colorado,21528,8301,4656,40.640340,-103.185977
08077,Mesa,Colorado,155703,59750,44909,39.092942,-108.546673
08079,Mineral,Colorado,865,394,30,37.779142,-106.942063
08081,Moffat,Colorado,13292,5218,3234,40.516060,-107.613977
08083,Montezuma,Colorado,25849,10521,4098,37.371913,-108.554458
08085,Montrose,Colorado,42679,17483,11034,38.481301,-107.922349
08087,Morgan,Colorado,29111,10863,5344,40.254229,-103.789071
08089,Otero,Colorado,18690,7761,6097,38.023236,-103.655776
08091,Ouray,Colorado,4874,2259,1088,38.146044,-107.751894
08093,Park,Colorado,17390,6987,2868,39.305737,-105.625362
08095,Phillips,Colorado,4530,1737,1159,40.599356,-102.385877
08097,Pitkin,Colorado,17358,7424,4014,39.231757,-106.908716
08099,Prowers,Colorado,11999,4900,3822,38.083029,-102.548624
08101,Pueblo,Colorado,168162,65206,49159,38.265773,-104.646976
08103,Rio Blanco,Colorado,6529,2513,1522,40.051080,-108.268744
08105,Rio Grande,Colorado,11539,4737,1776,37.611850,-106.242067
08107,Routt,Colorado,24829,10100,4707,40.455504,-106.897410
08109,Saguache,Colorado,6368,2803,710,37.925349,-106.006105
08111,San Juan,Colorado,705,297,32,37.801877,-107.673598
08113,San Miguel,Colorado,8072,3604,1617,37.971818,-107.958108
08115,Sedgwick,Colorado,2404,954,558,40.962161,-102.325673
08117,Summit,Colorado,31055,11609,6016,39.572383,-106.055673
08119,Teller,Colorado,24710,10460,5735,38.944782,-105.139899
08121,Washington,Colorado,4817,2081,722,40.098312,-103.157119
08123,Weld,Colorado,328981,102046,74970,40.322426,-104.807009
08125,Yuma,Colorado,9988,4108,2327,40.065848,-102.480825
09001,Fairfield,Connecticut,957419,345070,140147,41.206021,-73.367214
09003,Hartford,Connecticut,899498,353653,172029,41.761165,-72.717868
09005,Litchfield,Connecticut,185186,74902,10673,41.726958,-73.190432
09007,Middlesex,Connecticut,164245,67765,10465,41.479018,-72.571631
09009,New Haven,Connecticut,864835,332765,134167,41.396593,-72.942327
09011,New London,Connecticut,268555,109616,15551,41.443271,-72.097543
09013,Tolland,Connecticut,149788,56077,8047,41.842288,-72.372969
09015,Windham,Connecticut,116418,45589,4567,41.805080,-71.993508
10001,Kent,Delaware,181851,67299,26906,39.127081,-75.559130
10003,New Castle,Delaware,570719,209431,115583,39.678852,-75.635290
10005,Sussex,Delaware,237378,94223,14358,38.661794,-75.331473
11001,District of Columbia,District of Columbia,689545,288307,150285,38.910168,-77.013993
12001,Alachua,Florida,278468,101979,18372,29.664721,-82.391582
12003,Baker,Florida,28259,8828,125,30.286374,-82.184536
12005,Bay,Florida,175216,73536,6352,30.212820,-85.670601
12007,Bradford,Florida,28303,9318,253,29.949896,-82.128265
12009,Brevard,Florida,606612,236005,22057,28.225111,-80.690892
12011,Broward,Florida,1944375,704942,16566,26.135399,-80.226976
12013,Calhoun,Florida,13648,4510,251,30.464333,-85.125841
12015,Charlotte,Florida,186847,79789,1067,26.953831,-82.117344
12017,Citrus,Florida,153843,64621,557,28.865585,-82.455213
12019,Clay,Florida,218245,75360,530,30.087758,-81.800487
12021,Collier,Florida,375752,147977,4179,26.203653,-81.692570
12023,Columbia,Florida,69698,25205,752,30.122022,-82.664496
12027,DeSoto,Florida,33976,12421,131,27.186800,-81.870510
12029,Dixie,Florida,16759,6233,15,29.634593,-83.058664
12031,Duval,Florida,995567,369704,8878,30.298646,-81.620436
12033,Escambia,Florida,321905,122169,22379,30.485666,-87.277106
12035,Flagler,Florida,115378,44040,660,29.521471,-81.222102
12037,Franklin,Florida,12451,4691,46,29.785968,-84.813247
12039,Gadsden,Florida,43826,17307,888,30.593632,-84.571737
12041,Gilchrist,Florida,17864,6701,27,29.705263,-82.808104
12043,Glades,Florida,12126,4859,44,26.897019,-81.189563
12045,Gulf,Florida,14192,5897,914,29.955584,-85.259724
12047,Hamilton,Florida,14004,4385,149,30.501436,-82.999025
12049,Hardee,Florida,25327,7991,38,27.548142,-81.816969
12051,Hendry,Florida,39619,12878,25,26.726562,-81.216144
12053,Hernando,Florida,194515,76708,1453,28.504446,-82.497025
12055,Highlands,Florida,101235,42721,425,27.462632,-81.444816
12057,Hillsborough,Florida,1459762,539919,31642,27.967264,-82.398570
12059,Holmes,Florida,19653,7137,43,30.847037,-85.754664
12061,Indian River,Florida,159788,60959,1395,27.671332,-80.440738
12063,Jackson,Florida,47319,17533,375,30.797248,-85.218988
12065,Jefferson,Florida,14510,5643,27,30.502892,-83.891330
12067,Lafayette,Florida,8226,2315,34,30.063591,-83.176369
12069,Lake,Florida,383956,137446,14438,28.716853,-81.750668
12071,Lee,Florida,760822,288916,5410,26.576019,-81.851845
12073,Leon,Florida,292198,116530,10508,30.466102,-84.269682
12075,Levy,Florida,42915,16971,249,29.380119,-82.662921
12077,Liberty,Florida,7974,2513,28,30.399108,-84.907135
12079,Madison,Florida,17968,6891,398,30.472359,-83.425943
12081,Manatee,Florida,399710,150345,10049,27.478313,-82.520478
12083,Marion,Florida,375908,145863,13548,29.135817,-82.126125
12085,Martin,Florida,158431,64870,1585,27.145869,-80.245706
12086,Miami-Dade,Florida,2701767,902200,23510,25.769326,-80.301180
12087,Monroe,Florida,82874,32794,267,24.747427,-81.244796
12089,Nassau,Florida,90352,33475,324,30.608318,-81.634340
12091,Okaloosa,Florida,211668,79235,19031,30.551645,-86.565567
12093,Okeechobee,Florida,39644,14601,222,27.271934,-80.824315
12095,Orange,Florida,1429908,468075,21617,28.526077,-81.388371
12097,Osceola,Florida,388656,109642,3876,28.269056,-81.390370
12099,Palm Beach,Florida,1492191,565598,17771,26.616523,-80.143701
12101,Pasco,Florida,561891,209483,9964,28.258217,-82.510240
12103,Pinellas,Florida,959107,413239,17230,27.900189,-82.727015
12105,Polk,Florida,725046,240879,7773,28.042479,-81.786864
12107,Putnam,Florida,73321,29822,2090,29.609230,-81.721195
12109,St. Johns,Florida,273425,91253,4081,29.991793,-81.434924
12111,St. Lucie,Florida,329226,118527,3784,27.333592,-80.357144
12113,Santa Rosa,Florida,188000,65697,5113,30.547226,-87.035767
12115,Sarasota,Florida,434006,189228,6788,27.201139,-82.416033
12117,Seminole,Florida,470856,178094,8862,28.699171,-81.310073
12119,Sumter,Florida,129752,59076,13277,28.833480,-82.024754
12121,Suwannee,Florida,43474,15149,342,30.213664,-82.985113
12123,Taylor,Florida,21796,7172,730,30.056859,-83.590349
12125,Union,Florida,16147,4008,16,30.011442,-82.357690
12127,Volusia,Florida,553543,220386,8565,29.072351,-81.126278
12129,Wakulla,Florida,33764,11382,52,30.187394,-84.332906
12131,Walton,Florida,75305,28635,1868,30.543793,-86.190190
12133,Washington,Florida,25318,9037,171,30.649403,-85.623870
13001,Appling,Georgia,18444,6650,192,31.770708,-82.338755
13003,Atkinson,Georgia,8286,2953,88,31.317495,-82.878111
13005,Bacon,Georgia,11140,3743,282,31.547000,-82.466090
13007,Baker,Georgia,2876,1448,119,31.310960,-84.433608
13009,Baldwin,Georgia,43799,16698,2765,33.085482,-83.243621
13011,Banks,Georgia,18035,6941,494,34.349158,-83.507471
13013,Barrow,Georgia,83505,27268,5269,33.992491,-83.728597
13015,Bartow,Georgia,108901,37905,10738,34.208535,-84.829148
13017,Ben Hill,Georgia,17194,6612,826,31.727139,-83.248140
13019,Berrien,Georgia,18160,7391,319,31.233472,-83.251763
13021,Bibb,Georgia,157346,58154,20954,32.834626,-83.690072
13023,Bleckley,Georgia,12583,4250,569,32.401506,-83.332183
13025,Brantley,Georgia,18021,6763,43,31.217234,-81.970017
13027,Brooks,Georgia,16301,6392,423,30.841118,-83.542270
13029,Bryan,Georgia,44738,13503,1069,31.958731,-81.353407
13031,Bulloch,Georgia,81099,27967,1389,32.415313,-81.762378
13033,Burke,Georgia,24596,7953,655,33.103215,-82.002339
13035,Butts,Georgia,25434,8342,1267,33.294854,-83.972919
13037,Calhoun,Georgia,5573,1726,90,31.526143,-84.662951
13039,Camden,Georgia,54768,19746,1416,30.812543,-81.631375
13043,Candler,Georgia,10981,4042,97,32.399154,-82.060428
13045,Carroll,Georgia,119148,42196,12014,33.623974,-85.043815
13047,Catoosa,Georgia,67872,25151,3774,34.928524,-85.172189
13049,Charlton,Georgia,12518,3826,211,30.786554,-82.024244
13051,Chatham,Georgia,295291,109868,30797,32.043151,-81.136643
13053,Chattahoochee,Georgia,9565,2550,358,32.342797,-84.896374
13055,Chattooga,Georgia,24965,9106,2365,34.496004,-85.344042
13057,Cherokee,Georgia,266620,90372,58977,34.170504,-84.494745
13059,Clarke,Georgia,128671,50284,14968,33.950374,-83.381417
13061,Clay,Georgia,2848,1313,79,31.634951,-85.014589
13063,Clayton,Georgia,297595,96826,50060,33.551579,-84.361187
13065,Clinch,Georgia,6749,2387,143,31.021262,-82.744401
13067,Cobb,Georgia,766149,283359,199452,33.941801,-84.557976
13069,Coffee,Georgia,43092,14832,692,31.515718,-82.838428
13071,Colquitt,Georgia,45898,15865,1152,31.179661,-83.767871
13073,Columbia,Georgia,156010,48233,16170,33.514668,-82.175338
13075,Cook,Georgia,17229,6202,433,31.148353,-83.423804
13077,Coweta,Georgia,146158,53104,23884,33.377998,-84.733460
13079,Crawford,Georgia,12130,4573,249,32.706715,-83.930196
13081,Crisp,Georgia,20128,8479,345,31.949314,-83.778048
13083,Dade,Georgia,16251,6155,345,34.881193,-85.497925
13085,Dawson,Georgia,26798,9521,2041,34.400246,-84.102212
13087,Decatur,Georgia,29367,9684,760,30.889772,-84.569999
13089,DeKalb,Georgia,764382,283799,174557,33.790223,-84.247613
13091,Dodge,Georgia,19925,7530,921,32.212397,-83.173704
13093,Dooly,Georgia,11208,4979,455,32.170176,-83.780740
13095,Dougherty,Georgia,85790,34233,6563,31.574147,-84.171202
13097,Douglas,Georgia,144237,49788,27877,33.724594,-84.735518
13099,Early,Georgia,10854,4196,467,31.335623,-84.919905
13101,Echols,Georgia,3697,1497,27,30.712259,-83.050326
13103,Effingham,Georgia,64769,21828,1319,32.287329,-81.299809
13105,Elbert,Georgia,19637,7695,2468,34.128394,-82.880506
13107,Emanuel,Georgia,22768,8273,662,32.586625,-82.306411
13109,Evans,Georgia,10774,4006,330,32.168708,-81.906627
13111,Fannin,Georgia,25319,11174,393,34.902937,-84.312915
13113,Fayette,Georgia,119194,40792,26702,33.428121,-84.513188
13115,Floyd,Georgia,98584,36192,13792,34.256222,-85.183346
13117,Forsyth,Georgia,251283,80319,54204,34.190488,-84.150182
13119,Franklin,Georgia,23424,8425,1371,34.378121,-83.186359
13121,Fulton,Georgia,1066710,427379,221575,33.832534,-84.396191
13123,Gilmer,Georgia,31353,12423,905,34.675112,-84.486082
13125,Glascock,Georgia,2884,1118,137,33.236629,-82.609660
13127,Glynn,Georgia,84499,34191,3417,31.202596,-81.486211
13129,Gordon,Georgia,57544,20446,3899,34.498248,-84.907765
13131,Grady,Georgia,26236,9116,703,30.881836,-84.212447
13133,Greene,Georgia,18915,7371,812,33.535248,-83.179388
13135,Gwinnett,Georgia,957062,299683,190966,33.954137,-84.053177
13137,Habersham,Georgia,46031,15258,1775,34.565656,-83.541387
13139,Hall,Georgia,203136,65555,18466,34.269360,-83.847644
13141,Hancock,Georgia,8735,3072,367,33.254841,-83.013250
13143,Haralson,Georgia,29919,11454,2571,33.760719,-85.184723
13145,Harris,Georgia,34668,12429,1127,32.697540,-84.894283
13147,Hart,Georgia,25828,10271,1474,34.355547,-82.964995
13149,Heard,Georgia,11412,4649,371,33.307964,-85.116748
13151,Henry,Georgia,240712,78204,38811,33.470292,-84.174632
13153,Houston,Georgia,163633,58042,7292,32.565757,-83.663692
13155,Irwin,Georgia,9666,3477,142,31.604345,-83.279860
13157,Jackson,Georgia,75907,24268,3979,34.129495,-83.599045
13159,Jasper,Georgia,14588,5326,721,33.358288,-83.726512
13161,Jeff Davis,Georgia,14779,5139,259,31.847814,-82.600257
13163,Jefferson,Georgia,15709,5583,917,33.068980,-82.408116
13165,Jenkins,Georgia,8674,3392,225,32.789871,-81.947165
13167,Johnson,Georgia,9189,3483,265,32.699439,-82.684511
13169,Jones,Georgia,28347,10914,1956,32.961196,-83.550237
13171,Lamar,Georgia,18500,6658,1179,33.084155,-84.154394
13173,Lanier,Georgia,9877,3825,99,31.037307,-83.097639
13175,Laurens,Georgia,49570,17159,852,32.517494,-82.925405
13177,Lee,Georgia,33163,10550,178,31.680634,-84.177116
13179,Liberty,Georgia,65256,24053,2089,31.828772,-81.577700
13181,Lincoln,Georgia,7690,3277,101,33.780601,-82.445454
13183,Long,Georgia,16168,6006,141,31.775868,-81.731661
13185,Lowndes,Georgia,118251,42755,3418,30.860299,-83.281437
13187,Lumpkin,Georgia,33488,11866,864,34.524477,-83.988151
13189,McDuffie,Georgia,21632,8238,2136,33.459579,-82.468712
13191,McIntosh,Georgia,10975,6343,252,31.480147,-81.405656
13193,Macon,Georgia,12082,4648,466,32.324124,-84.039478
13195,Madison,Georgia,30120,10622,1007,34.101336,-83.240303
13197,Marion,Georgia,7498,3423,67,32.382601,-84.524649
13199,Meriwether,Georgia,20613,8255,761,33.016626,-84.675396
13201,Miller,Georgia,6000,2339,155,31.160435,-84.738302
13205,Mitchell,Georgia,21755,8018,810,31.218188,-84.171176
13207,Monroe,Georgia,27957,10177,1882,33.037037,-83.909101
13209,Montgomery,Georgia,8610,3061,140,32.173336,-82.529480
13211,Morgan,Georgia,20097,7040,949,33.600047,-83.485701
13213,Murray,Georgia,39973,14520,598,34.781729,-84.791640
13215,Muscogee,Georgia,206922,73648,31207,32.495642,-84.928926
13217,Newton,Georgia,112483,37543,11460,33.570575,-83.898026
13219,Oconee,Georgia,41799,13773,4068,33.876988,-83.464103
13221,Oglethorpe,Georgia,14825,5477,602,33.918851,-83.147433
13223,Paulding,Georgia,168661,54993,29568,33.913898,-84.814237
13225,Peach,Georgia,27981,10215,2444,32.589118,-83.822766
13227,Pickens,Georgia,33216,12129,2378,34.455831,-84.436004
13229,Pierce,Georgia,19716,7178,277,31.313022,-82.242367
13231,Pike,Georgia,18889,6163,522,33.104780,-84.366582
13233,Polk,Georgia,42853,15425,4391,34.010871,-85.174625
13235,Pulaski,Georgia,9855,3803,468,32.273393,-83.478958
13237,Putnam,Georgia,22047,9457,723,33.319719,-83.335457
13239,Quitman,Georgia,2235,958,16,31.859563,-85.078114
13241,Rabun,Georgia,16883,7022,337,34.879707,-83.407047
13243,Randolph,Georgia,6425,2704,284,31.758591,-84.758082
13245,Richmond,Georgia,206607,72526,27271,33.427932,-82.051886
13247,Rockdale,Georgia,93570,31465,16247,33.642136,-84.019225
13249,Schley,Georgia,4547,1861,79,32.241832,-84.306635
13251,Screven,Georgia,14067,4939,352,32.722235,-81.629825
13253,Seminole,Georgia,9147,3364,158,30.967903,-84.866698
13255,Spalding,Georgia,67306,25693,10158,33.258944,-84.271569
13257,Stephens,Georgia,26784,9977,2264,34.558402,-83.289701
13259,Stewart,Georgia,5314,1845,302,32.068608,-84.758019
13261,Sumter,Georgia,29616,11419,1572,32.061409,-84.222402
13263,Talbot,Georgia,5733,2891,258,32.700716,-84.582980
13265,Taliaferro,Georgia,1559,662,118,33.568965,-82.886099
13267,Tattnall,Georgia,22842,8345,502,32.036453,-82.058473
13269,Taylor,Georgia,7816,3623,338,32.559079,-84.209743
13271,Telfair,Georgia,12477,4481,289,32.019316,-82.894969
13273,Terrell,Georgia,9185,3355,520,31.772020,-84.429026
13275,Thomas,Georgia,45798,17750,1641,30.869270,-83.947978
13277,Tift,Georgia,41344,14868,1788,31.455071,-83.513873
13279,Toombs,Georgia,27030,9792,618,32.185481,-82.368674
13281,Towns,Georgia,12493,5006,178,34.940026,-83.782885
13283,Treutlen,Georgia,6406,2395,120,32.387282,-82.589236
13285,Troup,Georgia,69426,24982,4861,33.038124,-85.029721
13287,Turner,Georgia,9006,3208,618,31.702770,-83.638274
13289,Twiggs,Georgia,8022,3080,210,32.702269,-83.416707
13291,Union,Georgia,24632,10231,153,34.877460,-84.004818
13293,Upson,Georgia,27700,10399,3111,32.907220,-84.325253
13295,Walker,Georgia,67654,26306,4054,34.838709,-85.293092
13297,Walton,Georgia,96673,32094,8201,33.795968,-83.785302
13299,Ware,Georgia,36251,13657,770,31.226953,-82.383829
13301,Warren,Georgia,5215,2261,396,33.406673,-82.661562
13303,Washington,Georgia,19988,7719,1494,32.964333,-82.775581
13305,Wayne,Georgia,30144,10479,653,31.610570,-81.916558
13307,Webster,Georgia,2348,1115,41,32.052450,-84.561824
13309,Wheeler,Georgia,7471,1774,104,32.147523,-82.756158
13311,White,Georgia,28003,11727,154,34.599638,-83.743731
13313,Whitfield,Georgia,102864,36412,2300,34.793647,-84.966305
13315,Wilcox,Georgia,8766,2542,49,31.975538,-83.409194
13317,Wilkes,Georgia,9565,4115,1280,33.757224,-82.752748
13319,Wilkinson,Georgia,8877,3301,557,32.843967,-83.239243
13321,Worth,Georgia,20784,7982,737,31.545333,-83.859160
16001,Ada,Idaho,494967,179708,129097,43.612091,-116.313143
16003,Adams,Idaho,4379,1726,13,44.843883,-116.383254
16005,Bannock,Idaho,87018,31669,18758,42.871117,-112.425092
16007,Bear Lake,Idaho,6372,2455,955,42.307481,-111.341210
16009,Benewah,Idaho,9530,3564,61,47.273057,-116.644633
16011,Bingham,Idaho,47992,15612,6366,43.223106,-112.346259
16013,Blaine,Idaho,24272,8318,3952,43.548124,-114.299016
16015,Boise,Idaho,7610,3351,76,43.906510,-115.985316
16017,Bonner,Idaho,47110,17998,4015,48.236490,-116.630197
16019,Bonneville,Idaho,123964,40946,22370,43.494825,-111.994434
16021,Boundary,Idaho,12056,4596,1690,48.710599,-116.302645
16023,Butte,Idaho,2574,966,23,43.697316,-113.302190
16025,Camas,Idaho,1077,391,9,43.352907,-114.754454
16027,Canyon,Idaho,231105,75494,44103,43.612485,-116.625046
16029,Caribou,Idaho,7027,2562,1483,42.646162,-111.652123
16031,Cassia,Idaho,24655,7832,2031,42.487358,-113.747762
16033,Clark,Idaho,790,332,0,44.194725,-112.262134
16035,Clearwater,Idaho,8734,3547,54,46.489093,-116.190755
16037,Custer,Idaho,4275,1889,75,44.280306,-114.096283
16039,Elmore,Idaho,28666,10885,5626,43.117658,-115.685056
16041,Franklin,Idaho,14194,4432,1371,42.098212,-111.871828
16043,Fremont,Idaho,13388,4464,1011,44.012878,-111.616883
16045,Gem,Idaho,19123,6822,2077,43.883064,-116.507732
16047,Gooding,Idaho,15598,5615,973,42.853491,-114.750399
16049,Idaho,Idaho,16541,6462,80,45.972026,-116.105519
16051,Jefferson,Idaho,30891,8825,3759,43.687090,-111.959043
16053,Jerome,Idaho,24237,8004,2474,42.699506,-114.464966
16055,Kootenai,Idaho,171362,64475,34173,47.738595,-116.837402
16057,Latah,Idaho,39517,15737,4910,46.742589,-116.934836
16059,Lemhi,Idaho,7974,3717,118,45.130443,-113.860990
16061,Lewis,Idaho,3533,1649,24,46.237559,-116.264039
16063,Lincoln,Idaho,5127,1804,433,42.971703,-114.333319
16065,Madison,Idaho,52913,11858,7070,43.819187,-111.793855
16067,Minidoka,Idaho,21613,7456,1402,42.611171,-113.712634
16069,Nez Perce,Idaho,42090,16548,7880,46.393945,-116.952097
16071,Oneida,Idaho,4564,1715,121,42.182230,-112.295487
16073,Owyhee,Idaho,11913,4429,315,43.393385,-116.704658
16075,Payette,Idaho,25386,9086,3473,44.019562,-116.893339
16077,Power,Idaho,7878,2693,1111,42.774583,-112.827325
16079,Shoshone,Idaho,13169,5436,2837,47.514916,-116.091781
16081,Teton,Idaho,11630,4290,110,43.692414,-111.122065
16083,Twin Falls,Idaho,90046,31758,16039,42.560260,-114.499626
16085,Valley,Idaho,11746,3920,61,44.766234,-116.074739
16087,Washington,Idaho,10500,4263,1637,44.298270,-116.920980
17001,Adams,Illinois,65737,27199,16207,39.943853,-91.327397
17003,Alexander,Illinois,5240,2252,738,37.152943,-89.294878
17005,Bond,Illinois,16725,6359,2446,38.884765,-89.432041
17007,Boone,Illinois,53448,18799,15155,42.294302,-88.852137
17009,Brown,Illinois,6244,2090,842,39.966021,-90.747509
17011,Bureau,Illinois,33244,13801,9865,41.382406,-89.420549
17013,Calhoun,Illinois,4437,1661,480,39.122999,-90.638209
17015,Carroll,Illinois,15702,6511,3960,42.067256,-89.969163
17017,Cass,Illinois,13042,5068,3165,39.980410,-90.320947
17019,Champaign,Illinois,205865,83059,48206,40.126856,-88.236460
17021,Christian,Illinois,34032,13977,9812,39.525376,-89.254079
17023,Clark,Illinois,15455,6726,3082,39.351511,-87.796198
17025,Clay,Illinois,13288,5607,2308,38.715726,-88.491810
17027,Clinton,Illinois,36899,14596,8086,38.588708,-89.485747
17029,Coles,Illinois,46863,20972,10917,39.487996,-88.264625
17031,Cook,Illinois,5275541,1991474,1641332,41.869515,-87.757998
17033,Crawford,Illinois,18679,7704,4239,39.004797,-87.750005
17035,Cumberland,Illinois,10450,4229,1501,39.275024,-88.280686
17037,DeKalb,Illinois,100420,38616,28000,41.927566,-88.726804
17039,De Witt,Illinois,15516,6732,4797,40.170876,-88.911355
17041,Douglas,Illinois,19740,7600,4305,39.766979,-88.280371
17043,DuPage,Illinois,932877,344314,290603,41.848928,-88.071268
17045,Edgar,Illinois,16866,7851,4412,39.636396,-87.713766
17047,Edwards,Illinois,6245,2756,1411,38.401606,-88.041233
17049,Effingham,Illinois,34668,13856,6451,39.095854,-88.573292
17051,Fayette,Illinois,21488,7918,3820,38.995881,-89.033955
17053,Ford,Illinois,13534,5824,3698,40.521655,-88.219432
17055,Franklin,Illinois,37804,16207,6579,37.963987,-88.953694
17057,Fulton,Illinois,33609,14072,8851,40.524812,-90.116575
17059,Gallatin,Illinois,4946,2274,1205,37.772903,-88.239193
17061,Greene,Illinois,11985,4984,2793,39.368918,-90.371192
17063,Grundy,Illinois,52533,20071,15811,41.349990,-88.344624
17065,Hamilton,Illinois,7993,3366,1373,38.091614,-88.558979
17067,Hancock,Illinois,17620,7542,3470,40.425023,-91.202357
17069,Hardin,Illinois,3649,1515,800,37.478271,-88.295955
17071,Henderson,Illinois,6387,3028,1910,40.824767,-90.944727
17073,Henry,Illinois,49284,19996,15020,41.350891,-90.135800
17075,Iroquois,Illinois,27077,11845,7115,40.762253,-87.838453
17077,Jackson,Illinois,52974,24208,8326,37.750199,-89.277101
17079,Jasper,Illinois,9287,3791,1476,39.003923,-88.162638
17081,Jefferson,Illinois,37113,14792,5345,38.311195,-88.911598
17083,Jersey,Illinois,21512,8158,3441,39.075249,-90.319327
17085,Jo Daviess,Illinois,22035,10069,5067,42.411305,-90.308466
17087,Johnson,Illinois,13308,4174,770,37.470122,-88.876484
17089,Kane,Illinois,516522,181845,158494,41.928443,-88.335420
17091,Kankakee,Illinois,107502,40297,30750,41.150459,-87.851699
17093,Kendall,Illinois,131869,41398,36378,41.660760,-88.375603
17095,Knox,Illinois,49967,20428,14276,40.937986,-90.327754
17097,Lake,Illinois,714342,248684,213172,42.311645,-87.970527
17099,LaSalle,Illinois,109658,45089,35463,41.354304,-88.895139
17101,Lawrence,Illinois,15280,6166,3495,38.718154,-87.745966
17103,Lee,Illinois,34145,13634,8975,41.812143,-89.401894
17105,Livingston,Illinois,35815,14366,9882,40.901840,-88.576241
17107,Logan,Illinois,27987,10958,7398,40.141565,-89.361411
17109,McDonough,Illinois,27238,11573,6684,40.469965,-90.667814
17111,McHenry,Illinois,310229,113269,99468,42.270305,-88.351365
17113,McLean,Illinois,170954,66225,47857,40.493799,-88.953797
17115,Macon,Illinois,103998,43810,32271,39.850646,-88.946554
17117,Macoupin,Illinois,44967,18577,10640,39.191697,-89.877091
17119,Madison,Illinois,265859,108429,68053,38.801004,-90.012645
17121,Marion,Illinois,37729,16126,8668,38.590624,-89.016141
17123,Marshall,Illinois,11742,4922,2842,41.043266,-89.316199
17125,Mason,Illinois,13086,5917,3431,40.286175,-89.899393
17127,Massac,Illinois,14169,5619,2552,37.180880,-88.717761
17129,Menard,Illinois,12297,5211,3303,39.996935,-89.799159
17131,Mercer,Illinois,15699,6477,4070,41.214503,-90.686612
17133,Monroe,Illinois,34962,13576,5977,38.362245,-90.171982
17135,Montgomery,Illinois,28288,11619,6744,39.198374,-89.507428
17137,Morgan,Illinois,32915,13560,7798,39.717059,-90.228380
17139,Moultrie,Illinois,14526,6043,3239,39.631716,-88.612657
17141,Ogle,Illinois,51788,20967,13776,42.028664,-89.254030
17143,Peoria,Illinois,181830,73519,52082,40.746692,-89.639949
17145,Perry,Illinois,20945,8504,3715,38.057689,-89.322400
17147,Piatt,Illinois,16673,6755,4534,40.008986,-88.581901
17149,Pike,Illinois,14739,6258,3338,39.621897,-90.861323
17151,Pope,Illinois,3763,1618,467,37.400771,-88.555783
17153,Pulaski,Illinois,5193,2050,700,37.198544,-89.130564
17155,Putnam,Illinois,5637,2435,1498,41.230538,-89.268100
17157,Randolph,Illinois,30163,12047,5660,38.061445,-89.809741
17159,Richland,Illinois,15813,6527,3962,38.725443,-88.087850
17161,Rock Island,Illinois,144672,60607,49453,41.489119,-90.502512
17163,St. Clair,Illinois,257400,104631,64690,38.548186,-89.990225
17165,Saline,Illinois,23768,10140,5064,37.753419,-88.538134
17167,Sangamon,Illinois,196343,84093,61081,39.771106,-89.654882
17169,Schuyler,Illinois,6902,2730,1006,40.130099,-90.568789
17171,Scott,Illinois,4949,1973,990,39.645952,-90.461992
17173,Shelby,Illinois,20990,9158,4736,39.399379,-88.800594
17175,Stark,Illinois,5400,2304,1267,41.098391,-89.791981
17177,Stephenson,Illinois,44630,19741,12918,42.324957,-89.643639
17179,Tazewell,Illinois,131343,53997,39479,40.605153,-89.530221
17181,Union,Illinois,17244,6813,2043,37.469028,-89.234288
17183,Vermilion,Illinois,74188,31013,18840,40.151056,-87.655499
17185,Wabash,Illinois,11361,4780,2669,38.431889,-87.788862
17187,Warren,Illinois,16835,6789,4243,40.890671,-90.636753
17189,Washington,Illinois,13761,6020,2345,38.360726,-89.395405
17191,Wayne,Illinois,16179,7114,2801,38.408213,-88.421765
17193,White,Illinois,13877,6040,3543,38.088921,-88.196465
17195,Whiteside,Illinois,55691,23225,16540,41.781958,-89.825250
17197,Will,Illinois,696355,232395,207000,41.565502,-88.058558
17199,Williamson,Illinois,67153,27937,8002,37.754392,-88.976636
17201,Winnebago,Illinois,285350,115768,96997,42.308321,-89.060442
17203,Woodford,Illinois,38467,14652,9445,40.769160,-89.291630
18001,Adams,Indiana,35809,12512,5383,40.749532,-84.934318
18003,Allen,Indiana,385410,147043,103782,41.100842,-85.125233
18005,Bartholomew,Indiana,82208,31772,15639,39.215015,-85.905294
18007,Benton,Indiana,8719,3435,1931,40.576258,-87.291866
18009,Blackford,Indiana,12112,5105,2074,40.468109,-85.345621
18011,Boone,Indiana,70812,25822,14135,40.004643,-86.383249
18013,Brown,Indiana,15475,6372,907,39.236665,-86.208688
18015,Carroll,Indiana,20306,8123,3281,40.579184,-86.601213
18017,Cass,Indiana,37870,14950,9831,40.747129,-86.338974
18019,Clark,Indiana,121093,45024,22146,38.373412,-85.732548
18021,Clay,Indiana,26466,10454,2964,39.469332,-87.123964
18023,Clinton,Indiana,33190,12144,6473,40.297795,-86.513556
18025,Crawford,Indiana,10526,4117,645,38.315739,-86.422116
18027,Daviess,Indiana,33381,11354,5376,38.697526,-87.096158
18029,Dearborn,Indiana,50679,19279,7677,39.146760,-84.920533
18031,Decatur,Indiana,26472,10241,3355,39.320693,-85.493081
18033,DeKalb,Indiana,43265,16904,9175,41.377157,-85.034535
18035,Delaware,Indiana,111903,46632,29169,40.205240,-85.402908
18037,Dubois,Indiana,43637,16691,7536,38.358680,-86.915674
18039,Elkhart,Indiana,207047,72362,58546,41.637245,-85.905688
18041,Fayette,Indiana,23398,9686,5307,39.640370,-85.147252
18043,Floyd,Indiana,80484,29264,13406,38.322230,-85.857888
18045,Fountain,Indiana,16479,6982,3396,40.149410,-87.274375
18047,Franklin,Indiana,22785,8867,1675,39.398519,-85.070967
18049,Fulton,Indiana,20480,7840,3995,41.059339,-86.217151
18051,Gibson,Indiana,33011,13551,6638,38.305848,-87.549447
18053,Grant,Indiana,66674,26896,14899,40.525256,-85.644184
18055,Greene,Indiana,30803,12988,5182,39.052523,-86.994152
18057,Hamilton,Indiana,347467,123066,73112,40.001506,-86.057612
18059,Hancock,Indiana,79840,29627,17578,39.815247,-85.829626
18061,Harrison,Indiana,39654,14534,2493,38.234174,-86.098168
18063,Hendricks,Indiana,174788,60307,32934,39.773147,-86.411080
18065,Henry,Indiana,48914,18387,9797,39.928844,-85.403738
18067,Howard,Indiana,83658,34632,24884,40.470296,-86.133562
18069,Huntington,Indiana,36662,14790,6987,40.869855,-85.486182
18071,Jackson,Indiana,46428,16923,4896,38.928711,-85.936294
18073,Jasper,Indiana,32918,12676,7489,41.082454,-87.150606
18075,Jay,Indiana,20478,8293,3383,40.430767,-85.028696
18077,Jefferson,Indiana,33147,12833,2720,38.758699,-85.433151
18079,Jennings,Indiana,27613,10776,1407,39.005508,-85.649705
18081,Johnson,Indiana,161765,57872,37008,39.555913,-86.115187
18083,Knox,Indiana,36282,15186,7856,38.699306,-87.454832
18085,Kosciusko,Indiana,80240,31462,20506,41.267835,-85.830509
18087,LaGrange,Indiana,40446,12547,6174,41.632874,-85.467264
18089,Lake,Indiana,498700,188646,163896,41.518998,-87.407505
18091,LaPorte,Indiana,112417,42725,35062,41.632279,-86.791226
18093,Lawrence,Indiana,45011,18968,7707,38.847818,-86.495942
18095,Madison,Indiana,130129,51276,33997,40.113496,-85.708800
18097,Marion,Indiana,977203,377695,222727,39.788896,-86.136268
18099,Marshall,Indiana,46095,17430,12026,41.347653,-86.272256
18101,Martin,Indiana,9812,4095,1299,38.679659,-86.850513
18103,Miami,Indiana,35962,13531,8428,40.729384,-86.076111
18105,Monroe,Indiana,139718,56399,25284,39.162275,-86.538570
18107,Montgomery,Indiana,37936,15618,7093,40.034526,-86.900580
18109,Morgan,Indiana,71780,26460,11520,39.512934,-86.399124
18111,Newton,Indiana,13830,5599,3293,40.999168,-87.380490
18113,Noble,Indiana,47457,18133,7796,41.415849,-85.388959
18115,Ohio,Indiana,5940,2623,525,38.954376,-84.909987
18117,Orange,Indiana,19867,7988,2742,38.562253,-86.495955
18119,Owen,Indiana,21321,8830,2341,39.314578,-86.798175
18121,Parke,Indiana,16156,6005,2327,39.757908,-87.225163
18123,Perry,Indiana,19170,7713,3627,38.008616,-86.705505
18125,Pike,Indiana,12250,5294,2103,38.427019,-87.233088
18127,Porter,Indiana,173215,65153,57461,41.513979,-87.104333
18129,Posey,Indiana,25222,10361,4882,38.012717,-87.819868
18131,Pulaski,Indiana,12514,5113,2448,41.051366,-86.684796
18133,Putnam,Indiana,36726,13651,3608,39.646449,-86.834304
18135,Randolph,Indiana,24502,10358,4325,40.169491,-84.996903
18137,Ripley,Indiana,28995,11243,3485,39.160663,-85.219308
18139,Rush,Indiana,16752,6648,2741,39.622090,-85.475672
18141,St. Joseph,Indiana,272912,104380,86439,41.676420,-86.227079
18143,Scott,Indiana,24384,9228,2399,38.697942,-85.764092
18145,Shelby,Indiana,45055,17902,7397,39.535011,-85.790065
18147,Spencer,Indiana,19810,8321,3566,38.019216,-87.009078
18149,Starke,Indiana,23371,8490,5858,41.281734,-86.632742
18151,Steuben,Indiana,34435,14449,8280,41.650003,-85.010961
18153,Sullivan,Indiana,20817,7806,3168,39.103793,-87.393185
18155,Switzerland,Indiana,9737,4430,540,38.816976,-85.023673
18157,Tippecanoe,Indiana,186251,71686,40826,40.418699,-86.886959
18159,Tipton,Indiana,15359,6360,3689,40.307543,-86.051278
18161,Union,Indiana,7087,2848,549,39.618364,-84.919464
18163,Vanderburgh,Indiana,180136,76094,46980,37.998233,-87.549603
18165,Vermillion,Indiana,15439,6557,2626,39.759924,-87.439022
18167,Vigo,Indiana,106153,42657,20349,39.460456,-87.386916
18169,Wabash,Indiana,30976,12705,6930,40.855768,-85.804210
18171,Warren,Indiana,8440,3383,701,40.312721,-87.325412
18173,Warrick,Indiana,63898,24607,14224,38.011051,-87.355616
18175,Washington,Indiana,28182,10820,2201,38.573362,-86.084553
18177,Wayne,Indiana,66553,27435,14449,39.843304,-84.948672
18179,Wells,Indiana,28180,11122,5334,40.770773,-85.192988
18181,White,Indiana,24688,9792,6019,40.753581,-86.809953
18183,Whitley,Indiana,34191,13822,6587,41.163050,-85.478007
19001,Adair,Iowa,7496,3217,1561,41.347726,-94.478337
19003,Adams,Iowa,3704,1627,622,41.007205,-94.708824
19005,Allamakee,Iowa,14061,5947,2154,43.252971,-91.424760
19007,Appanoose,Iowa,12317,5196,2064,40.741265,-92.864741
19009,Audubon,Iowa,5674,2691,1299,41.675888,-94.925428
19011,Benton,Iowa,25575,10306,5619,42.063318,-92.013283
19013,Black Hawk,Iowa,131144,53321,34121,42.490207,-92.371790
19015,Boone,Iowa,26715,10801,6629,42.026222,-93.892211
19017,Bremer,Iowa,24988,9680,5701,42.740346,-92.380697
19019,Buchanan,Iowa,20565,8027,4525,42.485130,-91.901131
19021,Buena Vista,Iowa,20823,7584,4114,42.676707,-95.184296
19023,Butler,Iowa,14334,6153,3149,42.701602,-92.758281
19025,Calhoun,Iowa,9927,4103,2082,42.397770,-94.623179
19027,Carroll,Iowa,20760,8651,4648,42.039462,-94.867701
19029,Cass,Iowa,13127,5901,3534,41.366511,-94.977692
19031,Cedar,Iowa,18505,7472,3808,41.756011,-91.140408
19033,Cerro Gordo,Iowa,43127,19452,13761,43.135216,-93.246108
19035,Cherokee,Iowa,11658,5297,2785,42.751225,-95.591928
19037,Chickasaw,Iowa,12012,5107,2616,43.038731,-92.342847
19039,Clarke,Iowa,9748,3950,1155,41.034767,-93.783479
19041,Clay,Iowa,16384,7381,3519,43.127358,-95.159344
19043,Clayton,Iowa,17043,7563,3230,42.860684,-91.321147
19045,Clinton,Iowa,46460,19477,12287,41.852141,-90.341168
19047,Crawford,Iowa,16525,6388,2003,42.026692,-95.357436
19049,Dallas,Iowa,99678,35383,20091,41.630722,-93.900543
19051,Davis,Iowa,9110,3182,903,40.762546,-92.418316
19053,Decatur,Iowa,7645,3242,1183,40.712300,-93.817156
19055,Delaware,Iowa,17488,6915,3615,42.481630,-91.383936
19057,Des Moines,Iowa,38910,16850,11206,40.835280,-91.143256
19059,Dickinson,Iowa,17703,8479,4956,43.388950,-95.134559
19061,Dubuque,Iowa,99266,38655,26842,42.493173,-90.762214
19063,Emmet,Iowa,9388,4023,2489,43.395995,-94.758270
19065,Fayette,Iowa,19509,8215,4104,42.821543,-91.855739
19067,Floyd,Iowa,15627,6899,3934,43.075228,-92.751434
19069,Franklin,Iowa,10019,4195,1955,42.754609,-93.239282
19071,Fremont,Iowa,6605,2952,1393,40.753741,-95.616798
19073,Greene,Iowa,8771,4037,2037,42.029106,-94.379863
19075,Grundy,Iowa,12329,5164,2861,42.380480,-92.747282
19077,Guthrie,Iowa,10623,4478,2256,41.665841,-94.427696
19079,Hamilton,Iowa,15039,6122,3812,42.406603,-93.767427
19081,Hancock,Iowa,10795,4787,2726,43.092315,-93.702667
19083,Hardin,Iowa,16878,7185,4224,42.436346,-93.217038
19085,Harrison,Iowa,14582,6094,2209,41.662599,-95.804583
19087,Henry,Iowa,20482,7591,3853,40.977985,-91.536884
19089,Howard,Iowa,9469,3754,1292,43.361965,-92.229351
19091,Humboldt,Iowa,9597,4195,1964,42.746569,-94.216619
19093,Ida,Iowa,7005,2972,1301,42.393275,-95.505465
19095,Iowa,Iowa,16662,6646,3492,41.701018,-92.039155
19097,Jackson,Iowa,19485,8183,4066,42.141479,-90.567662
19099,Jasper,Iowa,37813,14644,8249,41.678059,-93.071440
19101,Jefferson,Iowa,15663,6855,3450,41.012603,-91.965861
19103,Johnson,Iowa,152854,60430,40092,41.683586,-91.561276
19105,Jones,Iowa,20646,8186,3684,42.138136,-91.200472
19107,Keokuk,Iowa,10033,4330,1499,41.324433,-92.175248
19109,Kossuth,Iowa,14828,6575,3328,43.143301,-94.221432
19111,Lee,Iowa,33555,14338,8090,40.560697,-91.397062
19113,Linn,Iowa,230299,91304,69807,42.008474,-91.648394
19115,Louisa,Iowa,10837,4343,2053,41.225335,-91.262686
19117,Lucas,Iowa,8634,3718,1439,41.022123,-93.312466
19119,Lyon,Iowa,11934,4593,1973,43.385476,-96.227291
19121,Madison,Iowa,16548,6619,2699,41.348667,-93.986790
19123,Mahaska,Iowa,22190,8947,4875,41.311761,-92.642105
19125,Marion,Iowa,33414,13532,8206,41.357267,-93.041728
19127,Marshall,Iowa,40105,15388,9030,42.030436,-92.938199
19129,Mills,Iowa,14484,5442,2562,41.050907,-95.693715
19131,Mitchell,Iowa,10565,4472,2112,43.334549,-92.806056
19133,Monona,Iowa,8751,3988,1485,42.062617,-95.988925
19135,Monroe,Iowa,7577,3243,1307,41.033760,-92.825189
19137,Montgomery,Iowa,10330,4479,2541,41.009252,-95.169693
19139,Muscatine,Iowa,43235,16543,11686,41.465515,-91.077753
19141,O'Brien,Iowa,14182,5976,3298,43.129233,-95.695310
19143,Osceola,Iowa,6192,2664,1085,43.387203,-95.680981
19145,Page,Iowa,15211,6414,3200,40.746972,-95.187340
19147,Palo Alto,Iowa,8996,3712,2036,43.101085,-94.688525
19149,Plymouth,Iowa,25698,10298,4714,42.748026,-96.203040
19151,Pocahontas,Iowa,7078,3127,1423,42.744041,-94.706993
19153,Polk,Iowa,492401,191125,126547,41.630968,-93.640165
19155,Pottawattamie,Iowa,93667,36875,26587,41.278446,-95.793850
19157,Poweshiek,Iowa,18662,7827,3355,41.712451,-92.624939
19159,Ringgold,Iowa,4663,1843,589,40.737978,-94.237097
19161,Sac,Iowa,9814,4344,2004,42.375250,-95.089609
19163,Scott,Iowa,174669,67437,51444,41.564700,-90.562678
19165,Shelby,Iowa,11746,5066,2368,41.662625,-95.323280
19167,Sioux,Iowa,35872,12379,5977,43.080798,-96.167993
19169,Story,Iowa,98537,37997,24478,42.025132,-93.604948
19171,Tama,Iowa,17135,6736,3459,42.062414,-92.544134
19173,Taylor,Iowa,5896,2567,988,40.753586,-94.679839
19175,Union,Iowa,12138,5199,2845,41.054759,-94.318334
19177,Van Buren,Iowa,7203,2969,612,40.744224,-91.942474
19179,Wapello,Iowa,35437,14404,9068,41.016420,-92.418899
19181,Warren,Iowa,52403,19320,10505,41.406850,-93.595647
19183,Washington,Iowa,22565,8876,4285,41.365129,-91.694180
19185,Wayne,Iowa,6497,2620,888,40.733313,-93.304108
19187,Webster,Iowa,36999,15605,10205,42.481229,-94.179496
19189,Winnebago,Iowa,10679,4533,2402,43.341507,-93.663913
19191,Winneshiek,Iowa,20070,8265,3430,43.281109,-91.813207
19193,Woodbury,Iowa,105941,39523,24346,42.483312,-96.345995
19195,Worth,Iowa,7443,3199,1725,43.369396,-93.250437
19197,Wright,Iowa,12943,5582,3442,42.732976,-93.756305
20001,Allen,Kansas,12526,5125,3047,37.896944,-95.369306
20003,Anderson,Kansas,7836,3154,1730,38.251802,-95.263224
20005,Atchison,Kansas,16348,6039,3458,39.555375,-95.179193
20007,Barber,Kansas,4228,1931,1158,37.211912,-98.557723
20009,Barton,Kansas,25493,10628,7381,38.396456,-98.758290
20011,Bourbon,Kansas,14360,5921,2936,37.845974,-94.749672
20013,Brown,Kansas,9508,3757,2190,39.805025,-95.551801
20015,Butler,Kansas,67380,24833,14636,37.725409,-96.998490
20017,Chase,Kansas,2572,1082,479,38.358225,-96.558338
20019,Chautauqua,Kansas,3379,1418,756,37.115752,-96.228059
20021,Cherokee,Kansas,19362,7954,3455,37.114832,-94.751725
20023,Cheyenne,Kansas,2616,1263,817,39.769323,-101.738091
20025,Clark,Kansas,1991,890,590,37.295814,-99.886429
20027,Clay,Kansas,8117,3741,2286,39.354338,-97.122448
20029,Cloud,Kansas,9032,3641,2744,39.534860,-97.635801
20031,Coffey,Kansas,8360,3648,1571,38.249077,-95.741609
20033,Comanche,Kansas,1689,818,529,37.233664,-99.373213
20035,Cowley,Kansas,34549,13800,8505,37.174610,-96.998360
20037,Crawford,Kansas,38972,15603,9218,37.438265,-94.729385
20039,Decatur,Kansas,2764,1414,911,39.804239,-100.484373
20041,Dickinson,Kansas,18402,7933,4926,38.886002,-97.152074
20043,Doniphan,Kansas,7510,3003,1396,39.787452,-95.071424
20045,Douglas,Kansas,118785,47972,31680,38.942493,-95.254186
20047,Edwards,Kansas,2907,1285,833,37.913198,-99.352782
20049,Elk,Kansas,2483,1150,698,37.423675,-96.239085
20051,Ellis,Kansas,28934,11686,7303,38.882206,-99.330542
20053,Ellsworth,Kansas,6376,2390,1557,38.725437,-98.268058
20055,Finney,Kansas,38470,12494,9250,37.977246,-100.863047
20057,Ford,Kansas,34287,11237,7910,37.753005,-99.995523
20059,Franklin,Kansas,25996,10190,5598,38.603542,-95.260357
20061,Geary,Kansas,36739,12866,6651,39.040483,-96.838824
20063,Gove,Kansas,2718,1260,710,39.047079,-100.377754
20065,Graham,Kansas,2415,1252,942,39.358244,-99.855627
20067,Grant,Kansas,7352,2561,1887,37.580299,-101.351338
20069,Gray,Kansas,5653,2150,1564,37.724149,-100.412286
20071,Greeley,Kansas,1284,491,313,38.483553,-101.758084
20073,Greenwood,Kansas,6016,2695,1339,37.861919,-96.224613
20075,Hamilton,Kansas,2518,818,532,37.980580,-101.760582
20077,Harper,Kansas,5485,2367,1541,37.215327,-98.049879
20079,Harvey,Kansas,34024,13396,8282,38.046143,-97.385867
20081,Haskell,Kansas,3780,1401,986,37.495004,-100.890211
20083,Hodgeman,Kansas,1723,790,325,38.085859,-99.860131
20085,Jackson,Kansas,13232,5429,1524,39.402317,-95.752834
20087,Jefferson,Kansas,18368,7619,3084,39.210953,-95.397523
20089,Jewell,Kansas,2932,1386,760,39.777617,-98.198892
20091,Johnson,Kansas,609863,233599,167836,38.924919,-94.740299
20093,Kearny,Kansas,3983,1270,828,37.951539,-101.241680
20095,Kingman,Kansas,7470,3253,1690,37.610273,-98.098011
20097,Kiowa,Kansas,2460,975,532,37.595999,-99.252339
20099,Labette,Kansas,20184,8270,4922,37.259841,-95.262384
20101,Lane,Kansas,1574,737,503,38.504038,-100.483419
20103,Leavenworth,Kansas,81881,27645,17405,39.235130,-94.959527
20105,Lincoln,Kansas,2939,1305,730,39.035019,-98.186201
20107,Linn,Kansas,9591,4509,1332,38.239619,-94.800976
20109,Logan,Kansas,2762,1144,849,39.095504,-100.926327
20111,Lyon,Kansas,32179,13561,7334,38.416221,-96.179070
20113,McPherson,Kansas,30223,12479,7697,38.382645,-97.646719
20115,Marion,Kansas,11823,4838,2870,38.324754,-97.127529
20117,Marshall,Kansas,10038,4128,2298,39.800328,-96.573926
20119,Meade,Kansas,4055,1715,1258,37.292243,-100.396872
20121,Miami,Kansas,34191,13000,4548,38.595195,-94.831050
20123,Mitchell,Kansas,5796,2593,1646,39.454260,-98.175033
20125,Montgomery,Kansas,31486,13767,8632,37.143443,-95.693873
20127,Morris,Kansas,5386,2344,1156,38.694354,-96.580850
20129,Morton,Kansas,2701,1036,710,37.043232,-101.840026
20131,Nemaha,Kansas,10273,4069,2038,39.829395,-95.966260
20133,Neosho,Kansas,15904,6462,3716,37.623786,-95.396134
20135,Ness,Kansas,2687,1260,671,38.488254,-99.897744
20137,Norton,Kansas,5459,1865,1208,39.823510,-99.876765
20139,Osage,Kansas,15766,6624,3183,38.699173,-95.713137
20141,Osborne,Kansas,3500,1687,1044,39.425897,-98.705316
20143,Ottawa,Kansas,5735,2433,998,39.096393,-97.682422
20145,Pawnee,Kansas,6253,2447,1576,38.179763,-99.146958
20147,Phillips,Kansas,4981,2406,1565,39.759487,-99.348621
20149,Pottawatomie,Kansas,25348,8883,4498,39.251723,-96.332282
20151,Pratt,Kansas,9157,3733,2415,37.644800,-98.730599
20153,Rawlins,Kansas,2561,1169,702,39.807173,-101.050348
20155,Reno,Kansas,61898,24970,16252,38.051646,-97.931942
20157,Republic,Kansas,4674,2176,1228,39.817924,-97.659071
20159,Rice,Kansas,9427,3939,2588,38.320405,-98.199874
20161,Riley,Kansas,71959,26878,12765,39.190165,-96.632706
20163,Rooks,Kansas,4919,2167,1467,39.321747,-99.314061
20165,Rush,Kansas,2956,1448,1032,38.527826,-99.281206
20167,Russell,Kansas,6691,3005,2194,38.904218,-98.830652
20169,Saline,Kansas,54303,22251,14632,38.814764,-97.605554
20171,Scott,Kansas,5151,2062,1426,38.481574,-100.913143
20173,Sedgwick,Kansas,523824,199320,133732,37.680269,-97.344390
20175,Seward,Kansas,21964,7183,4989,37.051086,-100.918735
20177,Shawnee,Kansas,178909,72962,52206,39.034789,-95.706417
20179,Sheridan,Kansas,2447,1080,683,39.368138,-100.463405
20181,Sherman,Kansas,5927,2569,1843,39.350878,-101.726045
20183,Smith,Kansas,3570,1664,1009,39.770601,-98.805608
20185,Stafford,Kansas,4072,1758,1063,38.005058,-98.733831
20187,Stanton,Kansas,2084,850,673,37.565287,-101.757372
20189,Stevens,Kansas,5250,1770,1222,37.187133,-101.322543
20191,Sumner,Kansas,22382,9462,5366,37.303365,-97.406786
20193,Thomas,Kansas,7930,3294,2519,39.384656,-101.050191
20195,Trego,Kansas,2808,1353,924,39.003748,-99.881416
20197,Wabaunsee,Kansas,6877,2722,981,38.989695,-96.178582
20199,Wallace,Kansas,1512,651,439,38.885844,-101.761616
20201,Washington,Kansas,5530,2412,1374,39.779332,-97.048861
20203,Wichita,Kansas,2152,935,689,38.494575,-101.349645
20205,Wilson,Kansas,8624,3627,1996,37.511463,-95.739717
20207,Woodson,Kansas,3115,1390,754,37.876071,-95.735035
20209,Wyandotte,Kansas,169245,60400,43887,39.106038,-94.712818
21001,Adair,Kentucky,18903,6991,659,37.107461,-85.279650
21003,Allen,Kentucky,20588,7816,825,36.750241,-86.210149
21005,Anderson,Kentucky,23852,8757,2180,38.027990,-84.925693
21007,Ballard,Kentucky,7728,3052,937,37.043623,-88.976992
21009,Barren,Kentucky,44485,17392,5286,36.995285,-85.932182
21011,Bath,Kentucky,12750,4885,860,38.138475,-83.740600
21013,Bell,Kentucky,24097,10504,1321,36.680825,-83.704390
21015,Boone,Kentucky,135968,47391,21898,38.984893,-84.678985
21017,Bourbon,Kentucky,20252,7990,2494,38.203999,-84.246703
21019,Boyd,Kentucky,48261,18213,8745,38.432179,-82.666251
21021,Boyle,Kentucky,30614,11079,4403,37.637853,-84.796823
21023,Bracken,Kentucky,8400,3197,841,38.701217,-84.072685
21025,Breathitt,Kentucky,13718,5281,847,37.518699,-83.377385
21027,Breckinridge,Kentucky,20432,7731,1596,37.769799,-86.408122
21029,Bullitt,Kentucky,82217,29940,14152,38.023787,-85.651771
21031,Butler,Kentucky,12371,4823,960,37.217537,-86.677714
21033,Caldwell,Kentucky,12649,5215,1981,37.125484,-87.878812
21035,Calloway,Kentucky,37103,15492,5540,36.621007,-88.306090
21037,Campbell,Kentucky,93076,37197,18338,39.032376,-84.439251
21039,Carlisle,Kentucky,4826,1925,500,36.855639,-88.946346
21041,Carroll,Kentucky,10810,4176,1441,38.669245,-85.140741
21043,Carter,Kentucky,26627,9624,1132,38.314087,-83.034886
21045,Casey,Kentucky,15941,6048,350,37.301616,-84.925995
21047,Christian,Kentucky,72748,26097,8312,36.809040,-87.477832
21049,Clark,Kentucky,36972,14576,5061,37.986421,-84.182808
21051,Clay,Kentucky,20345,7432,1884,37.168974,-83.750091
21053,Clinton,Kentucky,9253,4023,86,36.715915,-85.134470
21055,Crittenden,Kentucky,8990,3588,792,37.332230,-88.095012
21057,Cumberland,Kentucky,5888,2642,214,36.782421,-85.389733
21059,Daviess,Kentucky,103312,40229,26279,37.747426,-87.095079
21061,Edmonson,Kentucky,12126,5028,194,37.192292,-86.253259
21063,Elliott,Kentucky,7354,2412,102,38.122978,-83.108689
21065,Estill,Kentucky,14163,5640,1348,37.707053,-83.991846
21067,Fayette,Kentucky,322570,130926,55859,38.020293,-84.494410
21069,Fleming,Kentucky,15082,5890,578,38.388852,-83.709683
21071,Floyd,Kentucky,35942,14700,4104,37.558551,-82.739600
21073,Franklin,Kentucky,51541,21278,9074,38.195361,-84.867165
21075,Fulton,Kentucky,6515,2550,936,36.538105,-89.037115
21077,Gallatin,Kentucky,8690,3088,450,38.764935,-84.841609
21079,Garrard,Kentucky,16953,6779,915,37.650333,-84.575237
21081,Grant,Kentucky,24941,9210,1177,38.689224,-84.602905
21083,Graves,Kentucky,36649,14402,6028,36.742207,-88.650736
21085,Grayson,Kentucky,26420,9753,1159,37.471252,-86.304570
21087,Green,Kentucky,11107,4440,796,37.265986,-85.538884
21089,Greenup,Kentucky,35962,14314,6134,38.554360,-82.809161
21091,Hancock,Kentucky,9095,3364,1393,37.868547,-86.805118
21093,Hardin,Kentucky,110702,42059,9659,37.743564,-85.915853
21095,Harlan,Kentucky,26831,10745,363,36.866097,-83.233800
21097,Harrison,Kentucky,18692,7474,1429,38.414072,-84.314294
21099,Hart,Kentucky,19288,7256,1200,37.280435,-85.887770
21101,Henderson,Kentucky,44793,18762,7770,37.817983,-87.564508
21103,Henry,Kentucky,15678,6154,1595,38.431400,-85.180752
21105,Hickman,Kentucky,4521,1724,616,36.664413,-88.956556
21107,Hopkins,Kentucky,45423,18619,7849,37.308856,-87.522010
21109,Jackson,Kentucky,12955,5417,103,37.400575,-83.992381
21111,Jefferson,Kentucky,782969,316411,197317,38.201451,-85.686227
21113,Jessamine,Kentucky,52991,18888,5887,37.886869,-84.585371
21115,Johnson,Kentucky,22680,8528,1289,37.830575,-82.817074
21117,Kenton,Kentucky,169064,64544,33657,39.011065,-84.549073
21119,Knott,Kentucky,14251,6319,2348,37.328988,-82.942351
21121,Knox,Kentucky,30193,12075,3726,36.902733,-83.921054
21123,Larue,Kentucky,14867,5779,950,37.542807,-85.723159
21125,Laurel,Kentucky,62613,22665,2482,37.091997,-84.087505
21127,Lawrence,Kentucky,16293,5583,963,38.081027,-82.677508
21129,Lee,Kentucky,7395,2884,291,37.590698,-83.702693
21131,Leslie,Kentucky,10513,4156,272,37.115702,-83.376004
21133,Letcher,Kentucky,21548,9599,416,37.146816,-82.807202
21135,Lewis,Kentucky,13080,5226,445,38.564104,-83.350474
21137,Lincoln,Kentucky,24275,9677,967,37.473364,-84.670402
21139,Livingston,Kentucky,8888,3803,385,37.133064,-88.351386
21141,Logan,Kentucky,27432,10459,3378,36.859958,-86.862831
21143,Lyon,Kentucky,8680,3266,721,37.065485,-88.079475
21145,McCracken,Kentucky,67875,27787,13993,37.049300,-88.649871
21147,McCreary,Kentucky,16888,6187,400,36.713019,-84.447417
21149,McLean,Kentucky,9152,3747,807,37.515540,-87.221398
21151,Madison,Kentucky,92701,33876,5172,37.706850,-84.286707
21153,Magoffin,Kentucky,11637,4989,1314,37.733397,-83.057067
21155,Marion,Kentucky,19581,7433,1863,37.570127,-85.284420
21157,Marshall,Kentucky,31659,13119,6182,36.897003,-88.340000
21159,Martin,Kentucky,11287,4045,1154,37.835468,-82.516965
21161,Mason,Kentucky,17120,6523,2194,38.616511,-83.789096
21163,Meade,Kentucky,30003,10690,1233,37.934417,-86.134606
21165,Menifee,Kentucky,6113,2464,447,37.945275,-83.595979
21167,Mercer,Kentucky,22641,8718,2211,37.785035,-84.848910
21169,Metcalfe,Kentucky,10286,4187,1221,36.990976,-85.640950
21171,Monroe,Kentucky,11338,4533,1218,36.707799,-85.723364
21173,Montgomery,Kentucky,28114,10653,3051,38.037988,-83.918227
21175,Morgan,Kentucky,13726,4796,350,37.914473,-83.268972
21177,Muhlenberg,Kentucky,30928,11539,3370,37.238076,-87.146244
21179,Nelson,Kentucky,46738,17991,2813,37.820783,-85.459500
21181,Nicholas,Kentucky,7537,2714,511,38.324558,-84.022987
21183,Ohio,Kentucky,23772,9226,2464,37.464465,-86.864757
21185,Oldham,Kentucky,67607,21259,9972,38.372614,-85.459227
21187,Owen,Kentucky,11278,4246,202,38.530989,-84.831041
21189,Owsley,Kentucky,4051,1655,59,37.452440,-83.684820
21191,Pendleton,Kentucky,14644,5250,1174,38.715312,-84.359242
21193,Perry,Kentucky,28473,11334,1672,37.258818,-83.200329
21195,Pike,Kentucky,58669,25506,3229,37.463914,-82.427235
21197,Powell,Kentucky,13129,4698,1135,37.850736,-83.880539
21199,Pulaski,Kentucky,65034,25572,2431,37.092197,-84.614379
21201,Robertson,Kentucky,2193,859,151,38.520923,-84.051005
21203,Rockcastle,Kentucky,16037,6609,88,37.380897,-84.351176
21205,Rowan,Kentucky,24662,8747,1699,38.194754,-83.444323
21207,Russell,Kentucky,17991,7122,164,37.030799,-85.058512
21209,Scott,Kentucky,57155,21186,4463,38.230636,-84.568282
21211,Shelby,Kentucky,48065,16801,6364,38.212966,-85.232221
21213,Simpson,Kentucky,19594,7181,2706,36.732484,-86.571947
21215,Spencer,Kentucky,19490,6899,325,38.063130,-85.350311
21217,Taylor,Kentucky,26023,9659,3385,37.350286,-85.342524
21219,Todd,Kentucky,12243,4655,715,36.812095,-87.173233
21221,Trigg,Kentucky,14061,5916,1075,36.845549,-87.834907
21223,Trimble,Kentucky,8474,3398,444,38.619320,-85.332070
21225,Union,Kentucky,13668,5176,1841,37.652277,-87.929907
21227,Warren,Kentucky,134554,49880,20144,36.966984,-86.435814
21229,Washington,Kentucky,12027,4702,593,37.738166,-85.192752
21231,Wayne,Kentucky,19555,8298,181,36.838184,-84.845965
21233,Webster,Kentucky,13017,5001,1772,37.502386,-87.681920
21235,Whitley,Kentucky,36712,12685,4401,36.814087,-84.141533
21237,Wolfe,Kentucky,6562,2991,410,37.739826,-83.509721
21239,Woodford,Kentucky,26871,10399,3280,38.048373,-84.726705
22001,Acadia,Louisiana,57576,22598,5833,30.281563,-92.350979
22003,Allen,Louisiana,22750,8137,2204,30.669442,-92.779523
22005,Ascension,Louisiana,126500,44029,15354,30.254386,-90.934071
22007,Assumption,Louisiana,21039,8941,2312,29.921462,-91.065832
22009,Avoyelles,Louisiana,39693,15217,6125,31.057263,-92.067528
22011,Beauregard,Louisiana,36549,13812,2561,30.723548,-93.282544
22013,Bienville,Louisiana,12981,5855,2102,32.384335,-93.079008
22015,Bossier,Louisiana,128746,49600,21006,32.560816,-93.659046
22017,Caddo,Louisiana,237848,96043,42480,32.468933,-93.799166
22019,Calcasieu,Louisiana,216785,78427,22051,30.225067,-93.257749
22021,Caldwell,Louisiana,9645,3899,512,32.073032,-92.104629
22023,Cameron,Louisiana,5617,2902,465,29.957136,-93.210852
22025,Catahoula,Louisiana,8906,3394,858,31.694978,-91.820047
22027,Claiborne,Louisiana,14170,5808,2429,32.826371,-93.033201
22029,Concordia,Louisiana,18687,6694,2667,31.592181,-91.546320
22031,De Soto,Louisiana,26812,10951,3133,32.121308,-93.778274
22033,East Baton Rouge,Louisiana,456781,164641,56245,30.460289,-91.100064
22035,East Carroll,Louisiana,7459,1688,698,32.761788,-91.184557
22037,East Feliciana,Louisiana,19539,7010,1371,30.820502,-91.090607
22039,Evangeline,Louisiana,32350,12393,3506,30.690294,-92.361575
22041,Franklin,Louisiana,19774,7503,1417,32.147658,-91.695666
22043,Grant,Louisiana,22169,7054,1500,31.530198,-92.538082
22045,Iberia,Louisiana,69929,26776,8242,29.994242,-91.809640
22047,Iberville,Louisiana,30241,11105,4673,30.271035,-91.232013
22049,Jackson,Louisiana,15031,5859,2000,32.283184,-92.643112
22051,Jefferson,Louisiana,440781,170398,77964,29.945816,-90.152287
22053,Jefferson Davis,Louisiana,32250,11565,3233,30.241059,-92.746247
22055,Lafayette,Louisiana,241753,92476,19310,30.198103,-92.042199
22057,Lafourche,Louisiana,97557,36645,11849,29.690273,-90.633960
22059,LaSalle,Louisiana,14791,4868,1307,31.726006,-92.169540
22061,Lincoln,Louisiana,48396,17861,7823,32.549640,-92.645045
22063,Livingston,Louisiana,142282,48690,13159,30.482370,-90.843081
22065,Madison,Louisiana,10017,3729,1367,32.397655,-91.197847
22067,Morehouse,Louisiana,25629,9738,3163,32.785896,-91.888300
22069,Natchitoches,Louisiana,37515,14324,2520,31.757091,-93.097411
22071,Orleans,Louisiana,383997,154826,55034,29.975765,-90.052950
22073,Ouachita,Louisiana,160368,56956,18038,32.516411,-92.131922
22075,Plaquemines,Louisiana,23515,8600,3416,29.725872,-89.903288
22077,Pointe Coupee,Louisiana,20758,9056,4663,30.664814,-91.494700
22079,Rapides,Louisiana,130023,49075,13916,31.286365,-92.455373
22081,Red River,Louisiana,7620,3282,1221,32.054844,-93.305191
22083,Richland,Louisiana,20043,7563,1592,32.440206,-91.718715
22085,Sabine,Louisiana,22155,9370,1420,31.578134,-93.564477
22087,St. Bernard,Louisiana,43764,15165,7235,29.930597,-89.937239
22089,St. Charles,Louisiana,52549,19308,7845,29.938265,-90.376212
22091,St. Helena,Louisiana,10920,3885,423,30.786666,-90.693517
22093,St. James,Louisiana,20192,7907,2990,30.020844,-90.736618
22095,St. John the Baptist,Louisiana,42477,15251,3469,30.072182,-90.511201
22097,St. Landry,Louisiana,82540,30496,10380,30.510054,-92.112737
22099,St. Martin,Louisiana,51767,19655,3253,30.231079,-91.837350
22101,St. Mary,Louisiana,49406,19633,5304,29.738031,-91.339006
22103,St. Tammany,Louisiana,264570,95054,32481,30.386943,-89.961836
22105,Tangipahoa,Louisiana,133157,48548,9588,30.561076,-90.449002
22107,Tensas,Louisiana,4147,1814,561,31.960595,-91.298951
22109,Terrebonne,Louisiana,109580,40374,12870,29.596256,-90.725647
22111,Union,Louisiana,21107,8399,2476,32.788831,-92.398543
22113,Vermilion,Louisiana,57359,22180,5035,29.998731,-92.161801
22115,Vernon,Louisiana,48750,17516,2359,31.094560,-93.247140
22117,Washington,Louisiana,45463,17794,5070,30.839568,-90.004103
22119,Webster,Louisiana,36967,16320,8726,32.699031,-93.338052
22121,West Baton Rouge,Louisiana,27199,9610,4027,30.436753,-91.266575
22123,West Carroll,Louisiana,9751,4126,886,32.827035,-91.427421
22125,West Feliciana,Louisiana,15310,4202,732,30.888343,-91.442588
22127,Winn,Louisiana,13755,5361,1211,31.930579,-92.677910
23001,Androscoggin,Maine,111139,45906,6522,44.117226,-70.202081
23003,Aroostook,Maine,67105,29594,150,46.701279,-68.088411
23005,Cumberland,Maine,303069,123384,24163,43.746359,-70.305033
23007,Franklin,Maine,29456,12426,86,44.707406,-70.225872
23009,Hancock,Maine,55478,24116,101,44.471045,-68.468176
23011,Kennebec,Maine,123642,52506,2391,44.395615,-69.748924
23013,Knox,Maine,40607,17497,162,44.132937,-69.161632
23015,Lincoln,Maine,35237,15665,295,44.034295,-69.553445
23017,Oxford,Maine,57777,22359,81,44.279251,-70.614092
23019,Penobscot,Maine,152199,63073,5998,44.944506,-68.797457
23021,Piscataquis,Maine,16800,7180,14,45.242664,-69.256031
23023,Sagadahoc,Maine,36699,16024,712,43.956844,-69.871506
23025,Somerset,Maine,50477,21645,187,44.820189,-69.685098
23027,Waldo,Maine,39607,17427,77,44.490051,-69.086158
23029,Washington,Maine,31095,13830,40,44.861852,-67.465950
23031,York,Maine,211972,86919,3239,43.422532,-70.640150
24001,Allegany,Maryland,68106,27369,13802,39.628458,-78.820665
24003,Anne Arundel,Maryland,588261,213122,78301,39.071038,-76.604417
24005,Baltimore,Maryland,854535,315347,166850,39.368834,-76.620325
24009,Calvert,Maryland,92783,32558,1429,38.551108,-76.544070
24011,Caroline,Maryland,33293,12160,499,38.873476,-75.830203
24013,Carroll,Maryland,172891,61261,12281,39.526206,-76.993056
24015,Cecil,Maryland,103725,37293,6030,39.614177,-75.936285
24017,Charles,Maryland,166617,57388,14256,38.581470,-76.951519
24019,Dorchester,Maryland,32531,13433,1778,38.571271,-76.011658
24021,Frederick,Maryland,271717,94299,29604,39.427679,-77.400605
24023,Garrett,Maryland,28806,12745,1527,39.513240,-79.305826
24025,Harford,Maryland,260924,95094,36798,39.520613,-76.309261
24027,Howard,Maryland,332317,116457,49478,39.217658,-76.854298
24029,Kent,Maryland,19198,8274,187,39.244676,-76.057670
24031,Montgomery,Maryland,1062061,372825,199387,39.087069,-77.124126
24033,Prince George's,Maryland,967201,315634,171548,38.909313,-76.888689
24035,Queen Anne's,Maryland,49874,19000,500,39.021381,-76.149985
24037,St. Mary's,Maryland,113777,41280,5118,38.307223,-76.577954
24039,Somerset,Maryland,24620,8509,406,38.133060,-75.742151
24041,Talbot,Maryland,37526,16810,3172,38.768500,-76.098027
24043,Washington,Maryland,154705,56367,11972,39.618688,-77.731480
24045,Wicomico,Maryland,103588,38142,7394,38.372255,-75.593756
24047,Worcester,Maryland,52460,22661,3395,38.303610,-75.234513
24510,Baltimore,Maryland,585708,242499,152868,39.314378,-76.618104
25001,Barnstable,Massachusetts,228996,95859,58822,41.692343,-70.328659
25003,Berkshire,Massachusetts,129026,54786,23257,42.456888,-73.218336
25005,Bristol,Massachusetts,579200,220365,126084,41.794278,-71.109451
25007,Dukes,Massachusetts,20600,6887,285,41.419712,-70.603310
25009,Essex,Massachusetts,809829,297254,168007,42.625306,-70.991432
25011,Franklin,Massachusetts,71029,30790,5403,42.578152,-72.559152
25013,Hampden,Massachusetts,465825,180492,89709,42.125554,-72.574333
25015,Hampshire,Massachusetts,162308,59607,18142,42.312741,-72.572165
25017,Middlesex,Massachusetts,1632002,611850,365288,42.447845,-71.254598
25019,Nantucket,Massachusetts,14255,3709,310,41.267216,-70.089225
25021,Norfolk,Massachusetts,725981,267967,143936,42.202442,-71.146359
25023,Plymouth,Massachusetts,530819,190355,88681,42.023677,-70.855576
25025,Suffolk,Massachusetts,797936,312978,185436,42.336102,-71.077148
25027,Worcester,Massachusetts,862111,314081,101597,42.303377,-71.802715
26001,Alcona,Michigan,10167,5115,1862,44.668106,-83.465560
26003,Alger,Michigan,8842,3246,1460,46.384467,-86.711752
26005,Allegan,Michigan,120502,43927,26474,42.608445,-85.871027
26007,Alpena,Michigan,28907,12769,8090,45.050588,-83.502895
26009,Antrim,Michigan,23431,10166,4004,44.978317,-85.198554
26011,Arenac,Michigan,15002,6585,2755,44.044452,-83.884489
26013,Baraga,Michigan,8158,3188,1589,46.766517,-88.450012
26015,Barry,Michigan,62423,24342,12032,42.618511,-85.349392
26017,Bay,Michigan,103856,44627,34990,43.629992,-83.929196
26019,Benzie,Michigan,17970,6940,2549,44.651834,-86.011382
26021,Berrien,Michigan,154316,63136,41122,41.985704,-86.406377
26023,Branch,Michigan,44862,16716,9455,41.929177,-85.030705
26025,Calhoun,Michigan,134310,54124,40429,42.289631,-85.106049
26027,Cass,Michigan,51589,21226,10573,41.892277,-86.040504
26029,Charlevoix,Michigan,26054,11725,6008,45.244536,-85.111010
26031,Cheboygan,Michigan,25579,11219,7138,45.511041,-84.521080
26033,Chippewa,Michigan,36785,14323,7005,46.365585,-84.396326
26035,Clare,Michigan,30856,12247,4821,43.944384,-84.825685
26037,Clinton,Michigan,79128,30182,19644,42.886259,-84.554280
26039,Crawford,Michigan,12988,6155,2015,44.657052,-84.668957
26041,Delta,Michigan,36903,16154,9558,45.801912,-87.065752
26043,Dickinson,Michigan,25947,11491,7980,45.832994,-88.014029
26045,Eaton,Michigan,109175,45037,28836,42.645094,-84.739621
26047,Emmet,Michigan,34112,14197,7403,45.432042,-84.910442
26049,Genesee,Michigan,406211,170581,139479,43.002399,-83.693809
26051,Gladwin,Michigan,25386,11181,4711,43.968003,-84.439806
26053,Gogebic,Michigan,14380,6896,4459,46.446365,-89.992958
26055,Grand Traverse,Michigan,95238,37939,27539,44.713441,-85.613028
26057,Gratiot,Michigan,41761,15084,8565,43.344130,-84.631259
26059,Hillsdale,Michigan,45746,18180,7831,41.916883,-84.605231
26061,Houghton,Michigan,37361,13805,8457,47.127331,-88.541770
26063,Huron,Michigan,31407,13908,7861,43.832366,-83.063027
26065,Ingham,Michigan,284900,113678,84555,42.688382,-84.486253
26067,Ionia,Michigan,66804,23071,12064,42.957003,-85.086727
26069,Iosco,Michigan,25237,11772,7248,44.357042,-83.532361
26071,Iron,Michigan,11631,5150,2632,46.099565,-88.537640
26073,Isabella,Michigan,64394,24981,13057,43.608534,-84.803450
26075,Jackson,Michigan,160366,62216,44931,42.241802,-84.406618
26077,Kalamazoo,Michigan,261670,104278,78220,42.262549,-85.586372
26079,Kalkaska,Michigan,17939,7173,2396,44.720582,-85.164963
26081,Kent,Michigan,657974,244795,203061,42.961776,-85.625638
26083,Keweenaw,Michigan,2046,1079,423,47.336126,-88.289269
26085,Lake,Michigan,12096,4985,710,43.957210,-85.799431
26087,Lapeer,Michigan,88619,34041,20804,43.058194,-83.249396
26089,Leelanau,Michigan,22301,9201,4237,44.906992,-85.730072
26091,Lenawee,Michigan,99423,38693,28410,41.926112,-84.052777
26093,Livingston,Michigan,193866,72905,56796,42.575026,-83.856466
26095,Luce,Michigan,5339,2258,999,46.335663,-85.561350
26097,Mackinac,Michigan,10834,5268,1391,45.997314,-84.881331
26099,Macomb,Michigan,881217,349340,313593,42.589118,-82.957895
26101,Manistee,Michigan,25032,9701,5150,44.306321,-86.185294
26103,Marquette,Michigan,66017,27177,17323,46.486717,-87.492759
26105,Mason,Michigan,29052,12296,5958,43.974550,-86.346719
26107,Mecosta,Michigan,39714,16276,8031,43.650863,-85.382191
26109,Menominee,Michigan,23502,10403,5138,45.342064,-87.579801
26111,Midland,Michigan,83494,34253,23000,43.643318,-84.296349
26113,Missaukee,Michigan,15052,6194,1784,44.307677,-85.179858
26115,Monroe,Michigan,154809,60804,49079,41.901664,-83.486421
26117,Montcalm,Michigan,66614,24143,11150,43.283564,-85.172737
26119,Montmorency,Michigan,9153,4490,2469,44.997449,-84.125910
26121,Muskegon,Michigan,175824,66064,52741,43.243847,-86.214941
26123,Newaygo,Michigan,49978,19365,6236,43.466224,-85.811272
26125,Oakland,Michigan,1274395,509589,439253,42.586862,-83.314039
26127,Oceana,Michigan,26659,10208,3089,43.632662,-86.305778
26129,Ogemaw,Michigan,20770,9314,3080,44.286618,-84.127345
26131,Ontonagon,Michigan,5816,2823,1210,46.718929,-89.288199
26133,Osceola,Michigan,22891,9332,2740,43.965434,-85.357843
26135,Oscoda,Michigan,8219,3732,1140,44.701471,-84.148370
26137,Otsego,Michigan,25091,9985,5864,45.006949,-84.666769
26139,Ottawa,Michigan,296200,104586,87324,42.911054,-86.015862
26141,Presque Isle,Michigan,12982,5923,3045,45.356976,-83.868249
26143,Roscommon,Michigan,23459,11420,7706,44.364342,-84.650133
26145,Saginaw,Michigan,190124,78980,60348,43.399088,-83.996446
26147,St. Clair,Michigan,160383,65668,49746,42.912215,-82.563457
26149,St. Joseph,Michigan,60939,24319,14720,41.887521,-85.526887
26151,Sanilac,Michigan,40611,17920,7986,43.365189,-82.782963
26153,Schoolcraft,Michigan,8047,3675,1525,46.006087,-86.226826
26155,Shiawassee,Michigan,68094,27762,17076,42.942704,-84.147876
26157,Tuscola,Michigan,53323,21719,9465,43.429916,-83.433939
26159,Van Buren,Michigan,75587,29882,16036,42.260186,-86.001338
26161,Washtenaw,Michigan,372258,143040,110359,42.257602,-83.726939
26163,Wayne,Michigan,1793561,694858,611062,42.329477,-83.226321
26165,Wexford,Michigan,33673,13212,6952,44.309686,-85.486553
27001,Aitkin,Minnesota,15697,7594,1089,46.570797,-93.529980
27003,Anoka,Minnesota,363887,129308,109774,45.195033,-93.269315
27005,Becker,Minnesota,35183,13942,3665,46.846984,-95.781108
27007,Beltrami,Minnesota,46228,17882,5625,47.585267,-94.863330
27009,Benton,Minnesota,41379,16482,8567,45.634664,-94.104350
27011,Big Stone,Minnesota,5166,2294,635,45.395362,-96.446286
27013,Blue Earth,Minnesota,69112,26390,17532,44.133623,-93.994417
27015,Brown,Minnesota,25912,10643,6221,44.285144,-94.591760
27017,Carlton,Minnesota,36207,13811,4924,46.644206,-92.532283
27019,Carver,Minnesota,106922,37386,28901,44.836919,-93.679267
27021,Cass,Minnesota,30066,13249,2518,46.817725,-94.417932
27023,Chippewa,Minnesota,12598,5133,2566,44.961846,-95.618298
27025,Chisago,Minnesota,56621,20370,13393,45.452093,-92.924032
27027,Clay,Minnesota,65318,24695,11849,46.855003,-96.673903
27029,Clearwater,Minnesota,8524,3452,596,47.559971,-95.388788
27031,Cook,Minnesota,5600,2608,80,47.790102,-90.339448
27033,Cottonwood,Minnesota,11517,4915,2957,43.938574,-95.120928
27035,Crow Wing,Minnesota,66123,27605,15032,46.430863,-94.162322
27037,Dakota,Minnesota,439882,163463,134518,44.763244,-93.154642
27039,Dodge,Minnesota,20867,7776,4524,44.030082,-92.805954
27041,Douglas,Minnesota,39006,16810,6339,45.907933,-95.389465
27043,Faribault,Minnesota,13921,6074,2793,43.682751,-93.954993
27045,Fillmore,Minnesota,21228,8652,4276,43.696271,-92.081754
27047,Freeborn,Minnesota,30895,13005,8537,43.662772,-93.361666
27049,Goodhue,Minnesota,47582,19623,11073,44.446353,-92.666570
27051,Grant,Minnesota,6074,2578,51,45.948536,-95.931474
27053,Hennepin,Minnesota,1281565,513892,396447,44.976697,-93.361233
27055,Houston,Minnesota,18843,8286,4284,43.720423,-91.438661
27057,Hubbard,Minnesota,21344,8792,1235,47.058441,-94.933356
27059,Isanti,Minnesota,41135,15169,7243,45.542718,-93.259775
27061,Itasca,Minnesota,45014,19529,7209,47.315009,-93.521135
27063,Jackson,Minnesota,9989,4480,2347,43.665360,-95.109576
27065,Kanabec,Minnesota,16032,6631,1482,45.885216,-93.297994
27067,Kandiyohi,Minnesota,43732,16853,8656,45.154628,-95.017492
27069,Kittson,Minnesota,4207,1834,358,48.729252,-96.776630
27071,Koochiching,Minnesota,12062,5796,2537,48.510977,-93.489801
27073,Lac qui Parle,Minnesota,6719,3048,1202,44.982404,-96.130868
27075,Lake,Minnesota,10905,5174,2235,47.186485,-91.560751
27077,Lake of the Woods,Minnesota,3763,1522,363,48.769541,-94.744612
27079,Le Sueur,Minnesota,28674,11191,7337,44.396810,-93.716142
27081,Lincoln,Minnesota,5640,2459,805,44.373948,-96.252306
27083,Lyon,Minnesota,25269,10067,3866,44.428528,-95.796682
27085,McLeod,Minnesota,36771,14736,8215,44.859670,-94.264775
27087,Mahnomen,Minnesota,5411,1956,134,47.300158,-95.837513
27089,Marshall,Minnesota,9040,3952,987,48.306927,-96.530084
27091,Martin,Minnesota,20025,8824,5381,43.665559,-94.509350
27093,Meeker,Minnesota,23400,9219,3546,45.136287,-94.481246
27095,Mille Lacs,Minnesota,26459,10535,4246,45.790781,-93.623033
27097,Morrison,Minnesota,34010,13536,5120,45.984633,-94.329081
27099,Mower,Minnesota,40029,15750,10140,43.665401,-92.901937
27101,Murray,Minnesota,8179,3659,1030,43.982392,-95.740801
27103,Nicollet,Minnesota,34454,12821,8153,44.265352,-94.058378
27105,Nobles,Minnesota,22290,7898,3777,43.635008,-95.663888
27107,Norman,Minnesota,6441,2771,735,47.308519,-96.484363
27109,Olmsted,Minnesota,162847,63561,45194,44.024514,-92.476238
27111,Otter Tail,Minnesota,60081,24693,7554,46.408729,-95.789225
27113,Pennington,Minnesota,13992,5976,2796,48.102851,-96.147968
27115,Pine,Minnesota,28876,11132,3146,46.030418,-92.894181
27117,Pipestone,Minnesota,9424,4002,1769,43.980739,-96.268335
27119,Polk,Minnesota,31192,12619,5025,47.783873,-96.562798
27121,Pope,Minnesota,11308,5010,1747,45.630228,-95.439435
27123,Ramsey,Minnesota,552352,210424,154081,44.992910,-93.105650
27125,Red Lake,Minnesota,3935,1713,163,47.875652,-96.132058
27127,Redwood,Minnesota,15425,6262,2228,44.440045,-95.189914
27129,Renville,Minnesota,14723,6032,2674,44.721227,-94.942285
27131,Rice,Minnesota,67097,23183,14863,44.372673,-93.261650
27133,Rock,Minnesota,9704,3990,1405,43.648084,-96.237081
27135,Roseau,Minnesota,15331,5940,1519,48.824430,-95.646717
27137,St. Louis,Minnesota,200231,86229,42062,47.078425,-92.307366
27139,Scott,Minnesota,150928,50487,41185,44.714553,-93.466447
27141,Sherburne,Minnesota,97183,32791,23643,45.402446,-93.718866
27143,Sibley,Minnesota,14836,6015,2808,44.582520,-94.165538
27145,Stearns,Minnesota,158292,59576,30505,45.559158,-94.355044
27147,Steele,Minnesota,37406,14836,10743,44.065860,-93.214616
27149,Stevens,Minnesota,9671,3683,1740,45.577955,-95.921798
27151,Swift,Minnesota,9838,4243,1598,45.272889,-95.637582
27153,Todd,Minnesota,25262,9888,3037,46.065805,-94.889142
27155,Traverse,Minnesota,3360,1590,21,45.751962,-96.547312
27157,Wabasha,Minnesota,21387,9081,3984,44.298281,-92.218760
27159,Wadena,Minnesota,14065,5748,1678,46.527380,-95.044753
27161,Waseca,Minnesota,18968,7547,4535,44.062525,-93.551329
27163,Washington,Minnesota,267568,95796,77864,44.985726,-92.921431
27165,Watonwan,Minnesota,11253,4371,2417,43.992768,-94.583590
27167,Wilkin,Minnesota,6506,2799,1004,46.316429,-96.525623
27169,Winona,Minnesota,49671,19466,10319,44.023673,-91.718459
27171,Wright,Minnesota,141337,49097,34136,45.199091,-93.818147
27173,Yellow Medicine,Minnesota,9528,4088,1822,44.737396,-95.830115
28001,Adams,Mississippi,29538,11129,3983,31.545814,-91.354340
28003,Alcorn,Mississippi,34740,14610,4665,34.909527,-88.529805
28005,Amite,Mississippi,12720,5416,471,31.187109,-90.807611
28007,Attala,Mississippi,17889,6890,2393,33.065276,-89.589172
28009,Benton,Mississippi,7646,3183,845,34.813848,-89.203932
28011,Bolivar,Mississippi,30985,12114,5623,33.771865,-90.768825
28013,Calhoun,Mississippi,13266,5771,1251,33.930069,-89.309537
28015,Carroll,Mississippi,9998,4018,650,33.461770,-89.919301
28017,Chickasaw,Mississippi,17106,6523,1452,33.930850,-88.938910
28019,Choctaw,Mississippi,8246,3353,633,33.339222,-89.234179
28021,Claiborne,Mississippi,9135,2900,536,31.931505,-90.950731
28023,Clarke,Mississippi,15615,6253,1004,32.067249,-88.731696
28025,Clay,Mississippi,18636,7728,2452,33.624883,-88.693000
28027,Coahoma,Mississippi,21390,8614,4587,34.220105,-90.570360
28029,Copiah,Mississippi,28368,9568,2071,31.893381,-90.378623
28031,Covington,Mississippi,18340,7042,795,31.634654,-89.546964
28033,DeSoto,Mississippi,185314,64424,35886,34.927389,-89.949653
28035,Forrest,Mississippi,78158,28116,6924,31.309279,-89.287954
28037,Franklin,Mississippi,7675,3031,693,31.471678,-90.866734
28039,George,Mississippi,24350,8085,523,30.868417,-88.590917
28041,Greene,Mississippi,13530,3825,290,31.195402,-88.629422
28043,Grenada,Mississippi,21629,8476,3343,33.767560,-89.803438
28045,Hancock,Mississippi,46053,21494,1206,30.379142,-89.404092
28047,Harrison,Mississippi,208621,80097,15569,30.434161,-89.063779
28049,Hinds,Mississippi,227742,88832,41524,32.304046,-90.257000
28051,Holmes,Mississippi,17000,6358,2028,33.089593,-90.028731
28053,Humphreys,Mississippi,7785,3197,1317,33.164116,-90.518897
28055,Issaquena,Mississippi,1338,462,32,32.889296,-91.018573
28057,Itawamba,Mississippi,23863,8525,2824,34.289689,-88.404342
28059,Jackson,Mississippi,143252,53878,6792,30.443696,-88.668630
28061,Jasper,Mississippi,16367,6616,500,31.961091,-89.144805
28063,Jefferson,Mississippi,7260,2543,385,31.714009,-91.057536
28065,Jefferson Davis,Mississippi,11321,4615,562,31.575445,-89.816038
28067,Jones,Mississippi,67246,24855,7531,31.667175,-89.167194
28069,Kemper,Mississippi,8988,3757,632,32.763776,-88.672958
28071,Lafayette,Mississippi,55813,18585,5447,34.359415,-89.526750
28073,Lamar,Mississippi,64222,22467,2725,31.273921,-89.439932
28075,Lauderdale,Mississippi,72984,29718,6635,32.401267,-88.692876
28077,Lawrence,Mississippi,12016,5019,427,31.553787,-90.110558
28079,Leake,Mississippi,21275,8113,1247,32.733654,-89.510973
28081,Lee,Mississippi,83343,31866,11366,34.278226,-88.703819
28083,Leflore,Mississippi,28339,9901,6323,33.513518,-90.203416
28085,Lincoln,Mississippi,34907,13127,2127,31.549270,-90.457896
28087,Lowndes,Mississippi,58879,22457,7803,33.520258,-88.389424
28089,Madison,Mississippi,109145,40179,19937,32.509875,-90.104845
28091,Marion,Mississippi,24441,9770,1042,31.245825,-89.830527
28093,Marshall,Mississippi,33752,13311,2868,34.816554,-89.544076
28095,Monroe,Mississippi,34180,13482,2881,33.926461,-88.499061
28097,Montgomery,Mississippi,9822,4366,1492,33.496327,-89.682458
28099,Neshoba,Mississippi,29087,10495,1550,32.755039,-89.120008
28101,Newton,Mississippi,21291,7926,1180,32.415269,-89.129364
28103,Noxubee,Mississippi,10285,4015,998,33.132850,-88.549668
28105,Oktibbeha,Mississippi,51788,18849,5072,33.448413,-88.825442
28107,Panola,Mississippi,33208,12354,2777,34.345346,-89.934868
28109,Pearl River,Mississippi,56145,21321,1219,30.640759,-89.631685
28111,Perry,Mississippi,11511,4597,217,31.262146,-88.992608
28113,Pike,Mississippi,40324,14561,2937,31.219047,-90.435044
28115,Pontotoc,Mississippi,31184,10823,4127,34.253564,-89.015136
28117,Prentiss,Mississippi,25008,9255,4037,34.632609,-88.552077
28119,Quitman,Mississippi,6176,3022,1371,34.267733,-90.263230
28121,Rankin,Mississippi,157031,56640,24540,32.281333,-90.030487
28123,Scott,Mississippi,27990,10228,2550,32.401640,-89.529579
28125,Sharkey,Mississippi,3800,1757,929,32.921684,-90.862626
28127,Simpson,Mississippi,25949,9647,1816,31.915898,-89.855744
28129,Smith,Mississippi,14209,5888,558,31.970107,-89.504515
28131,Stone,Mississippi,18333,6304,641,30.806397,-89.135849
28133,Sunflower,Mississippi,25971,8345,4943,33.593307,-90.584134
28135,Tallahatchie,Mississippi,12715,4322,1298,33.984159,-90.182077
28137,Tate,Mississippi,28064,10553,1504,34.644191,-89.948269
28139,Tippah,Mississippi,21815,7842,3998,34.765765,-88.924324
28141,Tishomingo,Mississippi,18850,7938,2375,34.730586,-88.228294
28143,Tunica,Mississippi,9782,3964,1300,34.720692,-90.341396
28145,Union,Mississippi,27777,9849,4717,34.483103,-89.010519
28147,Walthall,Mississippi,13884,5707,399,31.150842,-90.122962
28149,Warren,Mississippi,44722,18107,4003,32.324815,-90.843777
28151,Washington,Mississippi,44922,17882,9482,33.369011,-91.010780
28153,Wayne,Mississippi,19779,7967,1011,31.650518,-88.662531
28155,Webster,Mississippi,9926,3699,1068,33.582804,-89.220716
28157,Wilkinson,Mississippi,8587,3345,290,31.123212,-91.245215
28159,Winston,Mississippi,17714,7100,2174,33.084971,-89.042025
28161,Yalobusha,Mississippi,12481,5111,784,34.081548,-89.694995
28163,Yazoo,Mississippi,26743,8577,2896,32.829241,-90.382180
29001,Adair,Missouri,25314,9078,3013,40.195278,-92.581512
29003,Andrew,Missouri,18135,6799,2192,39.919858,-94.816600
29005,Atchison,Missouri,5305,2549,1091,40.420914,-95.436109
29007,Audrain,Missouri,24962,9349,3987,39.203899,-91.826614
29009,Barry,Missouri,34534,13872,2877,36.737459,-93.865725
29011,Barton,Missouri,11637,4830,1937,37.495949,-94.305362
29013,Bates,Missouri,16042,6565,2017,38.280773,-94.362779
29015,Benton,Missouri,19394,8060,687,38.301006,-93.310017
29017,Bollinger,Missouri,10567,4426,511,37.340708,-89.999696
29019,Boone,Missouri,183610,71919,35766,38.956712,-92.321624
29021,Buchanan,Missouri,84793,33642,19414,39.750709,-94.819825
29023,Butler,Missouri,42130,16358,2901,36.756985,-90.417972
29025,Caldwell,Missouri,8815,3703,412,39.663863,-93.998899
29027,Callaway,Missouri,44283,16233,3384,38.797548,-91.997518
29029,Camden,Missouri,42745,17300,1358,38.073064,-92.746042
29031,Cape Girardeau,Missouri,81710,30215,13049,37.355235,-89.607695
29033,Carroll,Missouri,8495,3518,1441,39.408302,-93.496539
29035,Carter,Missouri,5202,2334,261,36.947475,-90.885719
29037,Cass,Missouri,107824,40397,22311,38.751052,-94.424307
29039,Cedar,Missouri,14188,5573,1719,37.765491,-93.895266
29041,Chariton,Missouri,7408,2723,670,39.486142,-92.931479
29043,Christian,Missouri,88842,32487,13304,37.027878,-93.264355
29045,Clark,Missouri,6634,2633,697,40.412112,-91.708614
29047,Clay,Missouri,253335,92514,62693,39.252956,-94.497328
29049,Clinton,Missouri,21184,8100,3493,39.602433,-94.367454
29051,Cole,Missouri,77279,30291,10459,38.552550,-92.220619
29053,Cooper,Missouri,17103,6342,2407,38.910060,-92.772757
29055,Crawford,Missouri,23056,9798,895,38.061879,-91.321648
29057,Dade,Missouri,7569,3028,750,37.415382,-93.824927
29059,Dallas,Missouri,17071,6412,347,37.643751,-93.066641
29061,Daviess,Missouri,8430,3002,804,39.938229,-93.980672
29063,DeKalb,Missouri,11029,3800,766,39.825582,-94.354573
29065,Dent,Missouri,14421,6355,648,37.631372,-91.545105
29067,Douglas,Missouri,11578,5317,798,36.940662,-92.603414
29069,Dunklin,Missouri,28283,12119,5255,36.324914,-90.058119
29071,Franklin,Missouri,104682,41127,6103,38.436356,-90.998977
29073,Gasconade,Missouri,14794,6154,897,38.446364,-91.490137
29075,Gentry,Missouri,6162,2495,974,40.203737,-94.432825
29077,Greene,Missouri,298915,127532,63367,37.192242,-93.309507
29079,Grundy,Missouri,9808,3900,1355,40.093264,-93.595770
29081,Harrison,Missouri,8157,3361,959,40.315594,-94.001268
29083,Henry,Missouri,21946,9284,2735,38.394287,-93.737690
29085,Hickory,Missouri,8279,4012,26,37.911050,-93.329051
29087,Holt,Missouri,4223,2010,764,40.084331,-95.185877
29089,Howard,Missouri,10151,3460,1326,39.140559,-92.704460
29091,Howell,Missouri,39750,15557,2692,36.792561,-91.873718
29093,Iron,Missouri,9537,4102,977,37.578019,-90.713802
29095,Jackson,Missouri,717204,291532,209652,39.009980,-94.444287
29097,Jasper,Missouri,122761,46461,20424,37.129578,-94.444125
29099,Jefferson,Missouri,226739,84978,26433,38.340859,-90.475056
29101,Johnson,Missouri,54013,19931,6396,38.758577,-93.770288
29103,Knox,Missouri,3744,1400,342,40.155205,-92.154081
29105,Laclede,Missouri,36039,14413,1738,37.669688,-92.653795
29107,Lafayette,Missouri,32984,12711,6185,39.055172,-93.842193
29109,Lawrence,Missouri,38001,14849,5509,37.034976,-93.799734
29111,Lewis,Missouri,10032,3597,1301,40.089160,-91.641748
29113,Lincoln,Missouri,59574,19818,3503,38.996776,-90.929751
29115,Linn,Missouri,11874,5002,2144,39.797177,-93.066695
29117,Livingston,Missouri,14557,5907,2456,39.798080,-93.553067
29119,McDonald,Missouri,23303,8393,1293,36.615343,-94.399016
29121,Macon,Missouri,15209,5908,1703,39.796483,-92.508120
29123,Madison,Missouri,12626,4851,922,37.539522,-90.299752
29125,Maries,Missouri,8432,3808,65,38.170013,-91.878849
29127,Marion,Missouri,28525,11537,6373,39.741435,-91.457393
29129,Mercer,Missouri,3538,1333,443,40.415018,-93.579508
29131,Miller,Missouri,24722,10452,974,38.246362,-92.508970
29133,Mississippi,Missouri,12577,4998,2555,36.856032,-89.368458
29135,Moniteau,Missouri,15473,5450,2137,38.627456,-92.611037
29137,Monroe,Missouri,8666,3731,1140,39.524752,-91.966322
29139,Montgomery,Missouri,11322,4995,1187,38.948967,-91.467436
29141,Morgan,Missouri,21006,7639,1031,38.383773,-92.850980
29143,New Madrid,Missouri,16434,7281,2408,36.612845,-89.651942
29145,Newton,Missouri,58648,22123,6457,36.921726,-94.414367
29147,Nodaway,Missouri,21241,8510,2720,40.352259,-94.868321
29149,Oregon,Missouri,8635,4298,109,36.614979,-91.473870
29151,Osage,Missouri,13274,5273,168,38.455126,-91.884527
29153,Ozark,Missouri,8553,4082,213,36.623314,-92.421851
29155,Pemiscot,Missouri,15661,6640,3240,36.179974,-89.744692
29157,Perry,Missouri,18956,7577,2584,37.713861,-89.857860
29159,Pettis,Missouri,42980,16193,7098,38.701441,-93.247496
29161,Phelps,Missouri,44638,18213,3094,37.943357,-91.747022
29163,Pike,Missouri,17587,6653,2118,39.362999,-91.160041
29165,Platte,Missouri,106718,39918,24663,39.260346,-94.683735
29167,Polk,Missouri,31519,11833,254,37.602027,-93.404435
29169,Pulaski,Missouri,53955,15061,1313,37.822042,-92.175732
29171,Putnam,Missouri,4681,1698,562,40.483035,-92.984514
29173,Ralls,Missouri,10355,4132,936,39.579823,-91.469172
29175,Randolph,Missouri,24716,8872,2764,39.413737,-92.451801
29177,Ray,Missouri,23158,8766,2951,39.336637,-94.062098
29179,Reynolds,Missouri,6096,2580,24,37.329000,-90.970144
29181,Ripley,Missouri,10679,4973,923,36.626945,-90.790679
29183,St. Charles,Missouri,405262,149472,101657,38.778572,-90.671284
29185,St. Clair,Missouri,9284,4120,283,38.057169,-93.763876
29186,Ste. Genevieve,Missouri,18479,7252,1334,37.940830,-90.165655
29187,St. Francois,Missouri,66922,24572,5678,37.834497,-90.488054
29189,St. Louis,Missouri,1004125,409658,312994,38.644521,-90.389519
29195,Saline,Missouri,23333,8235,4274,39.111399,-93.202654
29197,Schuyler,Missouri,4032,1440,320,40.461863,-92.520354
29199,Scotland,Missouri,4716,1687,547,40.448060,-92.151796
29201,Scott,Missouri,38059,15342,5714,37.015235,-89.577539
29203,Shannon,Missouri,7031,3063,86,37.068998,-91.432915
29205,Shelby,Missouri,6103,2485,601,39.761716,-92.077250
29207,Stoddard,Missouri,28672,11545,4105,36.847864,-89.970872
29209,Stone,Missouri,31076,12689,543,36.723445,-93.437769
29211,Sullivan,Missouri,5999,2218,697,40.214930,-93.101593
29213,Taney,Missouri,56066,22390,1195,36.657085,-93.195143
29215,Texas,Missouri,24487,9852,811,37.330114,-91.966146
29217,Vernon,Missouri,19707,8294,2342,37.836794,-94.337390
29219,Warren,Missouri,35532,13129,1632,38.790363,-91.098557
29221,Washington,Missouri,23514,9278,884,37.953782,-90.785794
29223,Wayne,Missouri,10974,5438,796,37.109113,-90.523545
29225,Webster,Missouri,39085,13697,2393,37.262940,-92.906843
29227,Worth,Missouri,1973,808,254,40.481643,-94.437082
29229,Wright,Missouri,18188,6977,1491,37.193283,-92.433272
29510,St. Louis,Missouri,301578,143566,99352,38.620558,-90.253332
30001,Beaverhead,Montana,9371,4203,1523,45.225028,-112.693549
30003,Big Horn,Montana,13124,3622,1248,45.568552,-107.499673
30005,Blaine,Montana,7044,2399,1152,48.432419,-108.871588
30007,Broadwater,Montana,6774,2436,478,46.281619,-111.543362
30009,Carbon,Montana,10473,4524,2565,45.322269,-109.084845
30011,Carter,Montana,1415,650,33,45.687353,-104.525341
30013,Cascade,Montana,84414,34440,26358,47.491558,-111.306586
30015,Chouteau,Montana,5895,2301,797,47.962552,-110.386252
30017,Custer,Montana,11867,4837,2889,46.401678,-105.814642
30019,Daniels,Montana,1661,856,51,48.783637,-105.431739
30021,Dawson,Montana,8940,3892,2692,47.137216,-104.748806
30023,Deer Lodge,Montana,9421,4069,2525,46.135851,-112.955566
30025,Fallon,Montana,3049,1274,678,46.360506,-104.316077
30027,Fergus,Montana,11446,5057,2512,47.092022,-109.414600
30029,Flathead,Montana,104357,39925,17715,48.247380,-114.280930
30031,Gallatin,Montana,118960,45287,25442,45.682956,-111.128767
30033,Garfield,Montana,1173,437,17,47.309975,-106.946674
30035,Glacier,Montana,13778,4158,1782,48.601084,-112.803122
30037,Golden Valley,Montana,823,361,2,46.297881,-109.120778
30039,Granite,Montana,3309,1355,428,46.445392,-113.319927
30041,Hill,Montana,16309,6471,4149,48.511678,-109.767061
30043,Jefferson,Montana,12085,4445,2214,46.268426,-112.045462
30045,Judith Basin,Montana,2023,915,7,47.094038,-110.171269
30047,Lake,Montana,31134,11869,440,47.608393,-114.123168
30049,Lewis and Clark,Montana,70973,28502,17889,46.646621,-112.019644
30051,Liberty,Montana,1959,925,511,48.538044,-110.985198
30053,Lincoln,Montana,19677,8622,404,48.553306,-115.426490
30055,McCone,Montana,1729,818,44,47.569721,-105.638886
30057,Madison,Montana,8623,3707,576,45.419014,-111.922649
30059,Meagher,Montana,1927,759,58,46.529828,-110.881517
30061,Mineral,Montana,4535,1926,39,47.182752,-114.894335
30063,Missoula,Montana,117922,49700,28518,46.875546,-114.021512
30065,Musselshell,Montana,4730,2211,76,46.420108,-108.483111
30067,Park,Montana,17191,7961,2811,45.604896,-110.596931
30069,Petroleum,Montana,496,212,7,47.012154,-108.317862
30071,Phillips,Montana,4217,1756,1095,48.367246,-107.866550
30073,Pondera,Montana,5898,2079,1188,48.211424,-112.157767
30075,Powder River,Montana,1694,748,22,45.438494,-105.544609
30077,Powell,Montana,6946,2515,1154,46.450646,-112.757979
30079,Prairie,Montana,1088,502,243,46.809714,-105.276222
30081,Ravalli,Montana,44174,17823,7135,46.358548,-114.111357
30083,Richland,Montana,11491,4408,2428,47.720720,-104.204227
30085,Roosevelt,Montana,10794,3248,1766,48.134392,-105.212553
30087,Rosebud,Montana,8329,3237,640,45.902894,-106.612238
30089,Sanders,Montana,12400,5281,125,47.635009,-115.175789
30091,Sheridan,Montana,3539,1543,110,48.734101,-104.493670
30093,Silver Bow,Montana,35133,15026,10459,45.987460,-112.525517
30095,Stillwater,Montana,8963,3840,1912,45.615383,-109.238178
30097,Sweet Grass,Montana,3678,1515,638,45.829391,-109.916510
30099,Teton,Montana,6226,2496,1073,47.762524,-112.039341
30101,Toole,Montana,4971,1827,961,48.578065,-111.850473
30103,Treasure,Montana,762,333,6,46.247085,-107.247111
30105,Valley,Montana,7578,3324,2089,48.236249,-106.541586
30107,Wheatland,Montana,2069,897,405,46.454552,-109.845461
30109,Wibaux,Montana,937,477,239,46.969955,-104.191241
30111,Yellowstone,Montana,164731,68047,45951,45.789945,-108.546051
31001,Adams,Nebraska,31205,12786,7339,40.585501,-98.415180
31003,Antelope,Nebraska,6295,2725,1288,42.147054,-98.057377
31005,Arthur,Nebraska,434,192,3,41.569368,-101.678874
31007,Banner,Nebraska,674,234,7,41.558824,-103.721644
31009,Blaine,Nebraska,431,237,23,41.906138,-100.013369
31011,Boone,Nebraska,5379,2261,852,41.677314,-98.014023
31013,Box Butte,Nebraska,10842,4601,2456,42.136678,-102.905215
31015,Boyd,Nebraska,1810,876,64,42.893569,-98.744830
31017,Brown,Nebraska,2903,1333,572,42.543087,-99.849627
31019,Buffalo,Nebraska,50084,19016,9988,40.737756,-99.072828
31021,Burt,Nebraska,6722,2881,1315,41.845218,-96.347791
31023,Butler,Nebraska,8369,3387,961,41.247435,-97.141745
31025,Cass,Nebraska,26598,10073,4593,40.949471,-96.063719
31027,Cedar,Nebraska,8380,3479,1356,42.576739,-97.250958
31029,Chase,Nebraska,3893,1591,658,40.501955,-101.625629
31031,Cherry,Nebraska,5455,2459,169,42.788407,-100.749694
31033,Cheyenne,Nebraska,9468,4403,2656,41.164852,-102.982567
31035,Clay,Nebraska,6104,2575,1471,40.547589,-98.027882
31037,Colfax,Nebraska,10582,3742,1304,41.515594,-97.076357
31039,Cuming,Nebraska,9013,3854,1771,41.896856,-96.758441
31041,Custer,Nebraska,10545,4828,1445,41.400577,-99.673936
31043,Dakota,Nebraska,21582,7350,3770,42.446864,-96.438647
31045,Dawes,Nebraska,8199,3555,1776,42.786274,-103.066332
31047,Dawson,Nebraska,24111,9007,3655,40.827351,-99.856676
31049,Deuel,Nebraska,1838,823,586,41.090929,-102.336520
31051,Dixon,Nebraska,5606,2376,759,42.436803,-96.826061
31053,Dodge,Nebraska,37167,15284,8127,41.471288,-96.528637
31055,Douglas,Nebraska,584526,221451,162898,41.261730,-96.069741
31057,Dundy,Nebraska,1654,842,328,40.089487,-101.599270
31059,Fillmore,Nebraska,5551,2488,1328,40.541248,-97.580053
31061,Franklin,Nebraska,2889,1328,791,40.185987,-98.954540
31063,Frontier,Nebraska,2519,1136,371,40.609996,-100.398828
31065,Furnas,Nebraska,4636,2077,1284,40.250813,-99.934116
31067,Gage,Nebraska,21704,9048,4491,40.280866,-96.713556
31069,Garden,Nebraska,1874,929,358,41.429505,-102.323863
31071,Garfield,Nebraska,1813,906,294,41.803658,-99.104124
31073,Gosper,Nebraska,1893,940,323,40.594430,-99.826842
31075,Grant,Nebraska,611,297,16,41.969597,-101.734576
31077,Greeley,Nebraska,2188,1045,324,41.555312,-98.499420
31079,Hall,Nebraska,62895,23496,15777,40.916340,-98.377793
31081,Hamilton,Nebraska,9429,3622,1984,40.879505,-98.023002
31083,Harlan,Nebraska,3073,1515,800,40.145347,-99.406335
31085,Hayes,Nebraska,856,389,4,40.500842,-101.049757
31087,Hitchcock,Nebraska,2616,1228,25,40.210950,-101.004675
31089,Holt,Nebraska,10127,4390,1816,42.460461,-98.743792
31091,Hooker,Nebraska,711,316,14,42.010663,-101.050551
31093,Howard,Nebraska,6475,2732,870,41.189170,-98.489627
31095,Jefferson,Nebraska,7240,3246,1284,40.164225,-97.141688
31097,Johnson,Nebraska,5290,1847,721,40.401098,-96.227732
31099,Kearney,Nebraska,6688,2691,1613,40.507252,-98.992180
31101,Keith,Nebraska,8335,3864,1619,41.141819,-101.699800
31103,Keya Paha,Nebraska,769,349,17,42.868932,-99.717406
31105,Kimball,Nebraska,3434,1612,967,41.231296,-103.661580
31107,Knox,Nebraska,8391,3605,1066,42.624210,-97.782589
31109,Lancaster,Nebraska,322608,126666,75978,40.799269,-96.671536
31111,Lincoln,Nebraska,34676,14765,8057,41.119294,-100.789525
31113,Logan,Nebraska,716,319,20,41.499176,-100.507661
31115,Loup,Nebraska,607,316,3,41.832646,-99.416371
31117,McPherson,Nebraska,399,199,10,41.560427,-101.004858
31119,Madison,Nebraska,35585,14187,7722,42.006360,-97.461443
31121,Merrick,Nebraska,7668,3330,1097,41.130786,-98.037243
31123,Morrill,Nebraska,4555,1969,936,41.708586,-103.162925
31125,Nance,Nebraska,3380,1530,680,41.404591,-97.896242
31127,Nemaha,Nebraska,7074,2912,1250,40.401975,-95.839188
31129,Nuckolls,Nebraska,4095,1852,859,40.114628,-98.061800
31131,Otoe,Nebraska,15912,6509,3097,40.670824,-96.036880
31133,Pawnee,Nebraska,2544,1221,433,40.133204,-96.177346
31135,Perkins,Nebraska,2858,1202,467,40.844891,-101.675458
31137,Phelps,Nebraska,8968,3900,2186,40.466361,-99.404540
31139,Pierce,Nebraska,7317,2990,1129,42.259529,-97.591612
31141,Platte,Nebraska,34296,13173,3987,41.466970,-97.385528
31143,Polk,Nebraska,5214,2048,841,41.173605,-97.556720
31145,Red Willow,Nebraska,10702,4503,2524,40.206742,-100.592097
31147,Richardson,Nebraska,7871,3706,1607,40.099879,-95.669705
31149,Rock,Nebraska,1262,617,207,42.536738,-99.499863
31151,Saline,Nebraska,14292,5292,2576,40.579217,-97.016896
31153,Sarpy,Nebraska,190604,67299,48919,41.152889,-96.043700
31155,Saunders,Nebraska,22278,8542,2530,41.195383,-96.560061
31157,Scotts Bluff,Nebraska,36084,14657,8744,41.865094,-103.680393
31159,Seward,Nebraska,17609,6766,3050,40.875087,-97.102308
31161,Sheridan,Nebraska,5127,2312,1007,42.704794,-102.404074
31163,Sherman,Nebraska,2959,1414,535,41.228647,-98.968633
31165,Sioux,Nebraska,1135,530,51,42.408762,-103.833171
31167,Stanton,Nebraska,5842,2430,927,41.985101,-97.255038
31169,Thayer,Nebraska,5034,2247,1151,40.178256,-97.628078
31171,Thomas,Nebraska,669,276,27,41.967138,-100.565595
31173,Thurston,Nebraska,6773,2165,942,42.161934,-96.522459
31175,Valley,Nebraska,4059,1844,662,41.573672,-98.948914
31177,Washington,Nebraska,20865,8303,3674,41.504682,-96.156611
31179,Wayne,Nebraska,9697,3793,1667,42.223628,-97.056303
31181,Webster,Nebraska,3395,1524,912,40.195862,-98.486606
31183,Wheeler,Nebraska,774,353,17,41.885209,-98.545473
31185,York,Nebraska,14125,5685,2839,40.863485,-97.605023
32001,Churchill,Nevada,25516,9972,5722,39.474469,-118.796052
32003,Clark,Nevada,2265461,809026,472818,36.141141,-115.152976
32005,Douglas,Nevada,49488,21071,14889,38.957468,-119.756218
32007,Elko,Nevada,53702,18516,6737,40.856303,-115.534273
32009,Esmeralda,Nevada,729,515,91,37.704407,-117.670635
32011,Eureka,Nevada,1855,661,12,39.946993,-116.209128
32013,Humboldt,Nevada,17285,6579,3382,41.017558,-117.744296
32015,Lander,Nevada,5734,2315,1560,40.498460,-116.949528
32017,Lincoln,Nevada,4499,2003,87,37.710093,-114.626444
32019,Lyon,Nevada,59235,21726,14385,39.355756,-119.327152
32021,Mineral,Nevada,4554,1938,126,38.601613,-118.643399
32023,Nye,Nevada,51591,19253,773,36.414296,-116.125667
32027,Pershing,Nevada,6650,2009,881,40.334654,-118.294224
32029,Storey,Nevada,4104,1704,441,39.389828,-119.622432
32031,Washoe,Nevada,486492,186116,117073,39.534488,-119.793527
32033,White Pine,Nevada,9080,3749,96,39.278317,-114.875458
32510,Carson City,Nevada,58639,22858,17654,39.166096,-119.754080
33001,Belknap,New Hampshire,63705,25576,2581,43.518179,-71.439516
33003,Carroll,New Hampshire,50107,22235,358,43.810093,-71.170079
33005,Cheshire,New Hampshire,76458,30513,1073,42.897949,-72.260597
33007,Coos,New Hampshire,31268,13967,162,44.544534,-71.363600
33009,Grafton,New Hampshire,91118,35141,1562,43.837440,-71.957176
33011,Hillsborough,New Hampshire,422937,162843,61007,42.879412,-71.531546
33013,Merrimack,New Hampshire,153808,59209,14662,43.244048,-71.586768
33015,Rockingham,New Hampshire,314176,122520,19261,42.937487,-71.105861
33017,Strafford,New Hampshire,130889,49831,9864,43.246137,-70.954351
33019,Sullivan,New Hampshire,43063,17281,496,43.370229,-72.256473
34001,Atlantic,New Jersey,274534,101103,73711,39.428157,-74.584723
34003,Bergen,New Jersey,955732,342059,277655,40.916918,-74.056816
34005,Burlington,New Jersey,461860,168195,117616,39.983738,-74.836627
34007,Camden,New Jersey,523485,190660,142772,39.863128,-75.026364
34009,Cape May,New Jersey,95263,40670,26275,39.096879,-74.806953
34011,Cumberland,New Jersey,154152,50947,31998,39.431713,-75.089600
34013,Essex,New Jersey,863728,290680,219754,40.767919,-74.216055
34015,Gloucester,New Jersey,302294,106376,81515,39.748752,-75.130305
34017,Hudson,New Jersey,724854,261289,178520,40.741644,-74.061448
34019,Hunterdon,New Jersey,128947,47647,20422,40.572604,-74.895969
34021,Mercer,New Jersey,387340,131440,98782,40.255387,-74.699450
34023,Middlesex,New Jersey,863162,287971,231610,40.484409,-74.388583
34025,Monmouth,New Jersey,643615,238235,194340,40.291180,-74.148590
34027,Morris,New Jersey,509285,184162,125946,40.859148,-74.500310
34029,Ocean,New Jersey,637229,229454,179966,39.978586,-74.215904
34031,Passaic,New Jersey,524118,168681,137905,40.923998,-74.189868
34033,Salem,New Jersey,64837,24414,11536,39.627242,-75.378171
34035,Somerset,New Jersey,345361,119721,98429,40.559937,-74.578391
34037,Sussex,New Jersey,144221,54166,9276,41.090477,-74.655456
34039,Union,New Jersey,575345,191862,159791,40.659355,-74.293688
34041,Warren,New Jersey,109632,42322,19861,40.794655,-75.014893
35001,Bernalillo,New Mexico,676444,272528,210328,35.109462,-106.617779
35003,Catron,New Mexico,3579,1546,50,33.958709,-108.531494
35005,Chaves,New Mexico,65157,23641,10063,33.365668,-104.514733
35006,Cibola,New Mexico,27172,8408,4165,35.107009,-107.818849
35007,Colfax,New Mexico,12387,5946,3448,36.698075,-104.656615
35009,Curry,New Mexico,48430,18620,7618,34.421082,-103.213229
35011,De Baca,New Mexico,1698,554,256,34.460693,-104.247994
35013,Doña Ana,New Mexico,219561,79421,48303,32.248370,-106.728836
35015,Eddy,New Mexico,62314,21548,9901,32.538156,-104.288595
35017,Grant,New Mexico,28185,11496,3952,32.781053,-108.243210
35019,Guadalupe,New Mexico,4452,1345,196,34.932588,-104.764455
35021,Harding,New Mexico,657,176,8,35.853043,-103.978557
35023,Hidalgo,New Mexico,4178,1742,491,32.286524,-108.771223
35025,Lea,New Mexico,74455,22868,10126,32.751720,-103.190527
35027,Lincoln,New Mexico,20269,8478,5343,33.419573,-105.631108
35028,Los Alamos,New Mexico,19419,7895,6616,35.869176,-106.272314
35029,Luna,New Mexico,25427,8911,3356,32.223031,-107.741875
35031,McKinley,New Mexico,72902,21247,7870,35.513228,-108.634281
35033,Mora,New Mexico,4189,2278,88,36.004180,-105.237070
35035,Otero,New Mexico,67839,23112,12363,32.778517,-106.000317
35037,Quay,New Mexico,8746,3182,974,35.178327,-103.662364
35039,Rio Arriba,New Mexico,40363,13035,8249,36.203984,-106.205155
35041,Roosevelt,New Mexico,19191,6785,1784,34.168551,-103.347539
35043,Sandoval,New Mexico,148834,52504,39109,35.319674,-106.649224
35045,San Juan,New Mexico,121661,43582,25964,36.723982,-108.220154
35047,San Miguel,New Mexico,27201,11942,3371,35.576344,-105.307874
35049,Santa Fe,New Mexico,154823,63152,43667,35.632632,-106.004765
35051,Sierra,New Mexico,11576,5402,2419,33.106952,-107.281723
35053,Socorro,New Mexico,16595,5002,2196,34.154884,-106.960356
35055,Taos,New Mexico,34489,12592,5961,36.435099,-105.607910
35057,Torrance,New Mexico,15045,5957,2768,34.870562,-106.102700
35059,Union,New Mexico,4079,1404,851,36.468186,-103.265891
35061,Valencia,New Mexico,76205,26456,18378,34.755709,-106.722815
36001,Albany,New York,314848,128122,85139,42.680589,-73.811637
36003,Allegany,New York,46456,18028,9466,42.228676,-78.020786
36005,Bronx,New York,1472654,510135,242114,40.849395,-73.882271
36007,Broome,New York,198683,79528,48375,42.120758,-75.936264
36009,Cattaraugus,New York,77042,31999,16846,42.223696,-78.608393
36011,Cayuga,New York,76248,30870,15126,42.938915,-76.560652
36013,Chautauqua,New York,127657,53625,35367,42.245031,-79.314802
36015,Chemung,New York,84148,34328,23896,42.120553,-76.813813
36017,Chenango,New York,47220,20834,3304,42.480979,-75.568857
36019,Clinton,New York,79843,31557,3595,44.729940,-73.542837
36021,Columbia,New York,61570,25323,3123,42.274439,-73.680411
36023,Cortland,New York,46809,17980,9101,42.595471,-76.146202
36025,Delaware,New York,44308,18930,2367,42.248721,-74.996335
36027,Dutchess,New York,295911,110095,29485,41.678068,-73.841540
36029,Erie,New York,954236,392910,346292,42.891147,-78.792727
36031,Essex,New York,37381,16182,660,44.168428,-73.676357
36033,Franklin,New York,47555,18880,1359,44.717734,-74.351416
36035,Fulton,New York,53324,22406,8410,43.058597,-74.329857
36037,Genesee,New York,58388,24174,14387,42.998899,-78.171041
36039,Greene,New York,47931,17681,1776,42.298257,-73.978824
36041,Hamilton,New York,5107,1416,23,43.612735,-74.385492
36043,Herkimer,New York,60139,25093,10672,43.071299,-74.994925
36045,Jefferson,New York,116721,43046,17639,44.019862,-75.895040
36047,Kings,New York,2736074,972314,747427,40.651666,-73.954985
36049,Lewis,New York,26582,10398,1618,43.788692,-75.449227
36051,Livingston,New York,61834,24496,12095,42.769037,-77.762787
36053,Madison,New York,68016,25959,10712,42.986860,-75.719961
36055,Monroe,New York,759443,305210,236759,43.160725,-77.618985
36057,Montgomery,New York,49532,19621,9036,42.932710,-74.344144
36059,Nassau,New York,1395774,449967,265836,40.716432,-73.603664
36061,New York,New York,1694251,758720,350206,40.776422,-73.967437
36063,Niagara,New York,212666,90022,70051,43.134406,-78.851139
36065,Oneida,New York,232125,90675,52566,43.146277,-75.355941
36067,Onondaga,New York,476516,187349,131659,43.067977,-76.167376
36069,Ontario,New York,112458,45711,26247,42.902312,-77.266946
36071,Orange,New York,401310,130428,63129,41.419570,-74.239375
36073,Orleans,New York,40343,16634,7091,43.249285,-78.224364
36075,Oswego,New York,117525,46597,19718,43.392222,-76.311790
36077,Otsego,New York,58524,23768,4293,42.564145,-75.060236
36079,Putnam,New York,97668,34915,3221,41.410932,-73.718558
36081,Queens,New York,2405464,783362,594725,40.721204,-73.834008
36083,Rensselaer,New York,161130,65455,30954,42.699563,-73.631993
36085,Richmond,New York,495747,167160,145795,40.589259,-74.136701
36087,Rockland,New York,338329,101167,85572,41.127445,-74.022140
36089,St. Lawrence,New York,108505,41925,14661,44.652827,-75.147873
36091,Saratoga,New York,235509,95898,55076,43.007918,-73.784353
36093,Schenectady,New York,158061,57479,41185,42.809147,-73.945253
36095,Schoharie,New York,29714,12780,987,42.643980,-74.435708
36097,Schuyler,New York,17898,7402,1313,42.389251,-76.869139
36099,Seneca,New York,33814,13784,5659,42.828510,-76.827711
36101,Steuben,New York,93584,40099,21332,42.264824,-77.319680
36103,Suffolk,New York,1525920,495667,197881,40.823365,-73.103278
36105,Sullivan,New York,78624,28762,1114,41.698542,-74.698587
36107,Tioga,New York,48455,20643,6236,42.121424,-76.298893
36109,Tompkins,New York,105740,40817,18641,42.459082,-76.478989
36111,Ulster,New York,181851,70088,14241,41.841749,-74.098362
36113,Warren,New York,65737,29034,12475,43.392942,-73.711242
36115,Washington,New York,61302,24054,5217,43.289043,-73.460751
36117,Wayne,New York,91283,37281,19482,43.143635,-77.130245
36119,Westchester,New York,1004457,353485,180473,41.038581,-73.805470
36121,Wyoming,New York,40531,16055,7271,42.722711,-78.209554
36123,Yates,New York,24774,8901,2641,42.634707,-77.078135
37001,Alamance,North Carolina,171415,65455,26842,36.071544,-79.413154
37003,Alexander,North Carolina,36444,14049,494,35.889332,-81.193451
37005,Alleghany,North Carolina,10888,5001,210,36.497597,-81.106030
37007,Anson,North Carolina,22055,9803,547,34.974145,-80.110797
37009,Ashe,North Carolina,26577,11885,376,36.413630,-81.487979
37011,Avery,North Carolina,17806,6569,291,36.076010,-81.939525
37013,Beaufort,North Carolina,44652,20219,2294,35.521622,-76.961773
37015,Bertie,North Carolina,17934,8008,180,36.081687,-76.962721
37017,Bladen,North Carolina,29606,13394,673,34.609170,-78.643311
37019,Brunswick,North Carolina,136693,59416,1455,34.041766,-78.216619
37021,Buncombe,North Carolina,269452,105177,20331,35.585308,-82.551811
37023,Burke,North Carolina,87570,35664,3187,35.731270,-81.641243
37025,Cabarrus,North Carolina,225804,72843,30185,35.395655,-80.621106
37027,Caldwell,North Carolina,80652,32798,3938,35.873003,-81.502542
37029,Camden,North Carolina,10355,3912,107,36.369324,-76.197747
37031,Carteret,North Carolina,67686,30060,636,34.744126,-76.818665
37033,Caswell,North Carolina,22736,8993,507,36.399939,-79.361345
37035,Catawba,North Carolina,160610,62940,12105,35.695474,-81.245331
37037,Chatham,North Carolina,76285,29904,8634,35.756012,-79.208387
37039,Cherokee,North Carolina,28774,12546,135,35.101433,-84.022596
37041,Chowan,North Carolina,13708,6389,489,36.117035,-76.626616
37043,Clay,North Carolina,11089,5300,162,35.036306,-83.805739
37045,Cleveland,North Carolina,99519,36089,7905,35.291366,-81.515786
37047,Columbus,North Carolina,50623,21545,456,34.280555,-78.706901
37049,Craven,North Carolina,100720,41002,5429,35.069158,-77.041410
37051,Cumberland,North Carolina,334728,127532,22925,35.054571,-78.937283
37053,Currituck,North Carolina,28100,10868,86,36.403222,-76.016801
37055,Dare,North Carolina,36915,15830,208,35.920369,-75.676005
37057,Davidson,North Carolina,168930,67555,10536,35.857903,-80.200515
37059,Davie,North Carolina,42712,16303,2425,35.931411,-80.520370
37061,Duplin,North Carolina,48715,21437,525,34.928450,-77.940295
37063,Durham,North Carolina,324833,130128,47594,35.986154,-78.901717
37065,Edgecombe,North Carolina,48900,20800,5431,35.902358,-77.656133
37067,Forsyth,North Carolina,382590,148890,42498,36.104617,-80.258522
37069,Franklin,North Carolina,68573,25729,2798,36.044193,-78.354026
37071,Gaston,North Carolina,227943,85286,34423,35.273689,-81.150823
37073,Gates,North Carolina,10478,4690,110,36.464578,-76.706981
37075,Graham,North Carolina,8030,3521,20,35.332126,-83.787137
37077,Granville,North Carolina,60992,21567,3545,36.216579,-78.649713
37079,Greene,North Carolina,20451,7218,299,35.466704,-77.665166
37081,Guilford,North Carolina,541299,208234,85206,36.066734,-79.847354
37083,Halifax,North Carolina,48622,21061,3521,36.361430,-77.674080
37085,Harnett,North Carolina,133568,46525,3623,35.354081,-78.867419
37087,Haywood,North Carolina,62089,26891,492,35.518934,-82.943122
37089,Henderson,North Carolina,116281,49715,13264,35.341636,-82.471646
37091,Hertford,North Carolina,21552,8903,696,36.352235,-77.011325
37093,Hoke,North Carolina,52082,18448,865,34.992582,-79.170107
37095,Hyde,North Carolina,4589,2056,208,35.430458,-76.205134
37097,Iredell,North Carolina,186693,68374,19425,35.694772,-80.866837
37099,Jackson,North Carolina,43109,17008,418,35.332904,-83.199035
37101,Johnston,North Carolina,215999,71332,7204,35.570579,-78.419098
37103,Jones,North Carolina,9172,4069,206,35.030718,-77.354076
37105,Lee,North Carolina,63285,22290,3022,35.453843,-79.173582
37107,Lenoir,North Carolina,55122,23494,3834,35.260621,-77.633969
37109,Lincoln,North Carolina,86810,33621,5377,35.485544,-81.162521
37111,McDowell,North Carolina,44578,18275,369,35.667381,-82.019915
37113,Macon,North Carolina,37014,16062,559,35.156852,-83.377321
37115,Madison,North Carolina,21193,8373,230,35.839031,-82.636142
37117,Martin,North Carolina,22031,9622,403,35.830325,-77.097262
37119,Mecklenburg,North Carolina,1115482,421950,204870,35.225341,-80.819873
37121,Mitchell,North Carolina,14903,6402,293,35.960065,-82.113979
37123,Montgomery,North Carolina,25751,10265,241,35.340612,-79.892912
37125,Moore,North Carolina,99727,40575,2473,35.237770,-79.439212
37127,Nash,North Carolina,94970,37371,7553,35.945971,-77.925858
37129,New Hanover,North Carolina,225702,97998,8012,34.210212,-77.878389
37131,Northampton,North Carolina,17471,8424,284,36.440740,-77.450044
37133,Onslow,North Carolina,204576,66131,1739,34.734255,-77.405266
37135,Orange,North Carolina,148696,53222,17322,35.980115,-79.082329
37137,Pamlico,North Carolina,12276,5506,76,35.102112,-76.782234
37139,Pasquotank,North Carolina,40568,14785,582,36.294076,-76.247331
37141,Pender,North Carolina,60203,22812,479,34.453784,-77.806662
37143,Perquimans,North Carolina,13005,5886,400,36.180608,-76.422879
37145,Person,North Carolina,39097,16153,2680,36.372010,-78.970440
37147,Pitt,North Carolina,170243,70683,9380,35.576487,-77.383372
37149,Polk,North Carolina,19328,9252,680,35.258428,-82.176880
37151,Randolph,North Carolina,144171,56790,8836,35.766153,-79.829145
37153,Richmond,North Carolina,42946,18201,2725,34.942668,-79.735374
37155,Robeson,North Carolina,116530,45881,3681,34.677173,-79.091794
37157,Rockingham,North Carolina,91096,38532,9152,36.400320,-79.773426
37159,Rowan,North Carolina,146875,54137,13050,35.620923,-80.522841
37161,Rutherford,North Carolina,64444,27525,2042,35.350767,-81.897864
37163,Sampson,North Carolina,59036,23162,1118,35.036714,-78.397561
37165,Scotland,North Carolina,34174,12951,1228,34.785743,-79.473966
37167,Stanly,North Carolina,62504,23849,1615,35.320568,-80.251909
37169,Stokes,North Carolina,44520,19608,717,36.349476,-80.275236
37171,Surry,North Carolina,71359,29001,760,36.431129,-80.657197
37173,Swain,North Carolina,14117,5741,53,35.437811,-83.411997
37175,Transylvania,North Carolina,32986,14648,1918,35.210116,-82.743077
37177,Tyrrell,North Carolina,3245,1652,24,35.895302,-76.242529
37179,Union,North Carolina,238267,77791,34706,35.012490,-80.631967
37181,Vance,North Carolina,42578,16895,2110,36.332774,-78.402975
37183,Wake,North Carolina,1129410,410552,175303,35.795346,-78.679962
37185,Warren,North Carolina,18642,8122,505,36.411300,-78.134476
37187,Washington,North Carolina,11003,5237,158,35.863224,-76.651708
37189,Watauga,North Carolina,54086,21453,871,36.218213,-81.686035
37191,Wayne,North Carolina,117333,48198,3388,35.372889,-77.986675
37193,Wilkes,North Carolina,65969,28902,567,36.191877,-81.133714
37195,Wilson,North Carolina,78784,31968,10259,35.727699,-77.933790
37197,Yadkin,North Carolina,37214,15247,472,36.164018,-80.673979
37199,Yancey,North Carolina,18470,7466,365,35.910934,-82.294631
38001,Adams,North Dakota,2200,1058,93,46.035876,-102.621818
38003,Barnes,North Dakota,10853,5039,1675,46.926891,-98.030382
38005,Benson,North Dakota,5964,2265,131,48.022233,-99.148961
38007,Billings,North Dakota,945,366,14,47.003410,-103.306329
38009,Bottineau,North Dakota,6379,2876,19,48.818996,-100.635057
38011,Bowman,North Dakota,2993,1323,670,46.171010,-103.389737
38013,Burke,North Dakota,2201,950,124,48.760535,-102.539257
38015,Burleigh,North Dakota,98458,39805,25960,46.823125,-100.761269
38017,Cass,North Dakota,184525,77027,32486,46.853248,-96.866085
38019,Cavalier,North Dakota,3704,1778,520,48.756287,-98.408736
38021,Dickey,North Dakota,4999,2127,50,46.090319,-98.316828
38023,Divide,North Dakota,2195,1060,34,48.873168,-103.340573
38025,Dunn,North Dakota,4095,1700,200,47.337232,-102.638185
38027,Eddy,North Dakota,2347,1046,560,47.705809,-99.056923
38029,Emmons,North Dakota,3301,1546,279,46.266970,-100.221494
38031,Foster,North Dakota,3397,1483,621,47.460553,-99.032312
38033,Golden Valley,North Dakota,1736,814,506,46.891037,-103.959283
38035,Grand Forks,North Dakota,73170,30779,11879,47.904107,-97.114067
38037,Grant,North Dakota,2301,1082,47,46.393580,-101.709905
38039,Griggs,North Dakota,2306,1031,15,47.451520,-98.184378
38041,Hettinger,North Dakota,2489,1093,605,46.452752,-102.563748
38043,Kidder,North Dakota,2394,1123,485,46.913782,-99.803211
38045,LaMoure,North Dakota,4093,1869,21,46.405038,-98.531088
38047,Logan,North Dakota,1876,812,1,46.497157,-99.553732
38049,McHenry,North Dakota,5345,2562,90,48.179669,-100.700743
38051,McIntosh,North Dakota,2530,1292,35,46.146072,-99.492968
38053,McKenzie,North Dakota,14704,4478,1505,47.815379,-103.249949
38055,McLean,North Dakota,9771,4372,2078,47.524037,-101.227016
38057,Mercer,North Dakota,8350,3663,150,47.300979,-101.712049
38059,Morton,North Dakota,33291,13502,8565,46.820840,-100.987436
38061,Mountrail,North Dakota,9809,3570,878,48.134813,-102.385064
38063,Nelson,North Dakota,3015,1428,4,47.914125,-98.211495
38065,Oliver,North Dakota,1877,743,66,47.120347,-101.307050
38067,Pembina,North Dakota,6844,3169,955,48.786353,-97.583136
38069,Pierce,North Dakota,3990,1843,32,48.327982,-99.985438
38071,Ramsey,North Dakota,11605,4903,2197,48.129972,-98.834617
38073,Ransom,North Dakota,5703,2380,18,46.473332,-97.654107
38075,Renville,North Dakota,2282,931,12,48.712230,-101.513019
38077,Richland,North Dakota,16529,6806,1607,46.265439,-96.765080
38079,Rolette,North Dakota,12187,4402,85,48.837585,-99.815657
38081,Sargent,North Dakota,3862,1897,78,46.166223,-97.587859
38083,Sheridan,North Dakota,1265,684,16,47.581765,-100.333635
38085,Sioux,North Dakota,3898,1107,21,46.166774,-100.727458
38087,Slope,North Dakota,706,336,57,46.418394,-103.416249
38089,Stark,North Dakota,33646,12635,6505,46.883324,-102.784958
38091,Steele,North Dakota,1798,804,12,47.459852,-97.750480
38093,Stutsman,North Dakota,21593,8977,4574,46.917429,-98.739480
38095,Towner,North Dakota,2162,1104,18,48.575593,-99.232995
38097,Traill,North Dakota,7997,3394,62,47.489414,-97.221419
38099,Walsh,North Dakota,10563,4820,1792,48.392384,-97.556150
38101,Ward,North Dakota,69919,28432,15471,48.251003,-101.324255
38103,Wells,North Dakota,3982,1941,68,47.673531,-99.776162
38105,Williams,North Dakota,40950,14646,5991,48.198161,-103.581969
39001,Adams,Ohio,27477,10396,1148,38.851155,-83.519185
39003,Allen,Ohio,102206,41025,25890,40.757218,-84.123687
39005,Ashland,Ohio,52447,20504,10641,40.854406,-82.284305
39007,Ashtabula,Ohio,97574,38614,22948,41.792138,-80.769023
39009,Athens,Ohio,62431,22539,8570,39.342729,-82.099580
39011,Auglaize,Ohio,46422,19000,9567,40.543994,-84.272520
39013,Belmont,Ohio,66497,25772,12465,40.042452,-80.892944
39015,Brown,Ohio,43676,17811,2637,38.952078,-83.892764
39017,Butler,Ohio,390357,140736,75798,39.410630,-84.498421
39019,Carroll,Ohio,26721,11286,4040,40.608768,-81.114233
39021,Champaign,Ohio,38714,15407,5822,40.121157,-83.756495
39023,Clark,Ohio,136001,54862,39561,39.927551,-83.831720
39025,Clermont,Ohio,208601,79347,29245,39.104936,-84.213831
39027,Clinton,Ohio,42018,16741,6006,39.411451,-83.842980
39029,Columbiana,Ohio,101877,41632,22361,40.780285,-80.730613
39031,Coshocton,Ohio,36612,14579,6431,40.291486,-81.863132
39033,Crawford,Ohio,42025,17928,10543,40.796314,-82.873456
39035,Cuyahoga,Ohio,1264817,547887,447829,41.448408,-81.677451
39037,Darke,Ohio,51881,21171,7859,40.116114,-84.606299
39039,Defiance,Ohio,38286,15385,7278,41.294760,-84.448702
39041,Delaware,Ohio,214124,71521,49895,40.213434,-83.012316
39043,Erie,Ohio,75622,31319,20439,41.405340,-82.627290
39045,Fairfield,Ohio,158921,57071,35314,39.799356,-82.672891
39047,Fayette,Ohio,28951,11737,5012,39.548507,-83.443856
39049,Franklin,Ohio,1323807,519237,363067,40.001224,-82.992171
39051,Fulton,Ohio,42713,16582,8734,41.578130,-84.095238
39053,Gallia,Ohio,29220,11359,2572,38.831790,-82.275222
39055,Geauga,Ohio,95397,35303,20380,41.487507,-81.223418
39057,Greene,Ohio,167966,65915,40828,39.725798,-83.997172
39059,Guernsey,Ohio,38438,16244,6776,40.017747,-81.541964
39061,Hamilton,Ohio,830639,344588,216302,39.181054,-84.509096
39063,Hancock,Ohio,74920,32022,18827,41.038819,-83.642078
39065,Hardin,Ohio,30696,11777,5004,40.687272,-83.673001
39067,Harrison,Ohio,14483,6221,2258,40.308308,-81.052878
39069,Henry,Ohio,27662,11069,5744,41.360177,-84.078123
39071,Highland,Ohio,43317,16747,4128,39.219120,-83.582063
39073,Hocking,Ohio,28050,11533,3946,39.524899,-82.449693
39075,Holmes,Ohio,44223,12351,7216,40.568212,-81.869548
39077,Huron,Ohio,58565,23050,11945,41.176384,-82.613754
39079,Jackson,Ohio,32653,12971,4161,39.035842,-82.610925
39081,Jefferson,Ohio,65249,27541,13067,40.365484,-80.692361
39083,Knox,Ohio,62721,23027,12492,40.400283,-82.454323
39085,Lake,Ohio,232603,96534,78868,41.685007,-81.319872
39087,Lawrence,Ohio,58240,23208,8468,38.501390,-82.538753
39089,Licking,Ohio,178519,64466,41626,40.051058,-82.521590
39091,Logan,Ohio,46150,18604,8740,40.382633,-83.776776
39093,Lorain,Ohio,312964,121669,93072,41.391668,-82.110224
39095,Lucas,Ohio,431279,181472,137687,41.651951,-83.620346
39097,Madison,Ohio,43824,15017,7884,39.923532,-83.378429
39099,Mahoning,Ohio,228614,98869,77851,41.048246,-80.697024
39101,Marion,Ohio,65359,24617,15312,40.582108,-83.127065
39103,Medina,Ohio,182470,69739,50676,41.144170,-81.837739
39105,Meigs,Ohio,22210,9090,2423,39.061474,-82.011139
39107,Mercer,Ohio,42528,16078,7465,40.515597,-84.606448
39109,Miami,Ohio,108774,41260,24408,40.039896,-84.229494
39111,Monroe,Ohio,13385,5854,3215,39.743928,-81.066658
39113,Montgomery,Ohio,537309,227077,150574,39.744183,-84.206384
39115,Morgan,Ohio,13802,6076,2238,39.615975,-81.865949
39117,Morrow,Ohio,34950,13064,2787,40.518510,-82.793839
39119,Muskingum,Ohio,86410,33797,19210,39.963489,-81.996844
39121,Noble,Ohio,14115,4969,2376,39.772940,-81.487122
39123,Ottawa,Ohio,40364,18240,10399,41.532537,-83.080376
39125,Paulding,Ohio,18806,7692,2270,41.132652,-84.588497
39127,Perry,Ohio,35408,13216,5944,39.758487,-82.237977
39129,Pickaway,Ohio,58539,19808,9786,39.671077,-82.992679
39131,Pike,Ohio,27088,11037,2207,39.084195,-83.036586
39133,Portage,Ohio,161791,62785,40310,41.180750,-81.276935
39135,Preble,Ohio,40999,16417,5144,39.743238,-84.625367
39137,Putnam,Ohio,34451,13301,4176,41.008256,-84.115516
39139,Richland,Ohio,124936,48967,30130,40.761551,-82.540390
39141,Ross,Ohio,77093,29080,8627,39.341679,-83.023023
39143,Sandusky,Ohio,58896,23825,14483,41.340365,-83.100451
39145,Scioto,Ohio,74008,29561,11240,38.780894,-82.944686
39147,Seneca,Ohio,55069,21759,11100,41.127755,-83.202108
39149,Shelby,Ohio,48230,18670,8185,40.319534,-84.194302
39151,Stark,Ohio,374853,154322,122389,40.837592,-81.388980
39153,Summit,Ohio,540428,226721,195089,41.116150,-81.511871
39155,Trumbull,Ohio,201977,85917,69281,41.240483,-80.759943
39157,Tuscarawas,Ohio,93263,36906,23829,40.481355,-81.467009
39159,Union,Ohio,62784,20695,10809,40.241874,-83.334873
39161,Van Wert,Ohio,28931,11640,5657,40.856227,-84.565846
39163,Vinton,Ohio,12800,5221,886,39.241186,-82.504249
39165,Warren,Ohio,242337,84127,44415,39.423255,-84.243950
39167,Washington,Ohio,59771,24803,17452,39.409803,-81.517688
39169,Wayne,Ohio,116894,44238,28338,40.836466,-81.864476
39171,Williams,Ohio,37102,15266,8327,41.532546,-84.571750
39173,Wood,Ohio,132248,50645,34255,41.453257,-83.602769
39175,Wyandot,Ohio,21900,9100,3694,40.865997,-83.299297
40001,Adair,Oklahoma,19495,7632,2243,35.887468,-94.635683
40003,Alfalfa,Oklahoma,5699,1897,974,36.658546,-98.317631
40005,Atoka,Oklahoma,14143,5200,768,34.329959,-96.097526
40007,Beaver,Oklahoma,5049,1994,1146,36.829383,-100.638158
40009,Beckham,Oklahoma,22410,7724,3894,35.361158,-99.511022
40011,Blaine,Oklahoma,8735,3940,1654,35.885203,-98.428177
40013,Bryan,Oklahoma,46067,17634,3448,33.980731,-96.386125
40015,Caddo,Oklahoma,26945,10465,4012,35.175959,-98.339383
40017,Canadian,Oklahoma,154405,45724,27184,35.493359,-97.766177
40019,Carter,Oklahoma,48003,18474,6260,34.189514,-97.197450
40021,Cherokee,Oklahoma,47078,17364,5985,35.902314,-94.995607
40023,Choctaw,Oklahoma,14204,6074,936,34.019064,-95.528308
40025,Cimarron,Oklahoma,2296,952,501,36.734437,-102.496037
40027,Cleveland,Oklahoma,295528,108070,60539,35.269308,-97.450434
40029,Coal,Oklahoma,5266,2252,764,34.548037,-96.278199
40031,Comanche,Oklahoma,121125,43241,17591,34.633044,-98.419449
40033,Cotton,Oklahoma,5527,2215,884,34.312570,-98.331491
40035,Craig,Oklahoma,14107,5428,1670,36.679216,-95.154588
40037,Creek,Oklahoma,71754,26393,12721,35.975400,-96.226043
40039,Custer,Oklahoma,28513,10697,4708,35.547694,-98.828737
40041,Delaware,Oklahoma,40397,16988,3626,36.468532,-94.793251
40043,Dewey,Oklahoma,4484,1715,489,36.057055,-99.074156
40045,Ellis,Oklahoma,3749,1581,732,36.262513,-99.786963
40047,Garfield,Oklahoma,62846,23709,15148,36.398481,-97.885455
40049,Garvin,Oklahoma,25656,10375,2459,34.737491,-97.289490
40051,Grady,Oklahoma,54795,20107,7439,35.112409,-97.850428
40053,Grant,Oklahoma,4169,1761,1030,36.761056,-97.779663
40055,Greer,Oklahoma,5491,2109,1502,34.912036,-99.464241
40057,Harmon,Oklahoma,2488,1091,723,34.694548,-99.897391
40059,Harper,Oklahoma,3272,1236,692,36.768589,-99.761804
40061,Haskell,Oklahoma,11561,4935,1512,35.239002,-95.124795
40063,Hughes,Oklahoma,13367,4106,879,35.079245,-96.326231
40065,Jackson,Oklahoma,24785,9681,6371,34.657239,-99.331416
40067,Jefferson,Oklahoma,5337,2382,1135,34.132097,-97.871654
40069,Johnston,Oklahoma,10272,4313,545,34.262325,-96.650068
40071,Kay,Oklahoma,43700,17392,12065,36.744254,-97.125201
40073,Kingfisher,Oklahoma,15184,5769,2832,35.913869,-97.910960
40075,Kiowa,Oklahoma,8509,3554,1950,34.936853,-99.017988
40077,Latimer,Oklahoma,9444,4083,931,34.882020,-95.255214
40079,Le Flore,Oklahoma,48129,18309,5757,35.065249,-94.639064
40081,Lincoln,Oklahoma,33458,13022,3881,35.656322,-96.882274
40083,Logan,Oklahoma,49555,15668,6948,35.822271,-97.442909
40085,Love,Oklahoma,10146,3340,411,33.922696,-97.170128
40087,McClain,Oklahoma,41662,14783,5705,35.106328,-97.527577
40089,McCurtain,Oklahoma,30814,12651,1773,33.999674,-94.814678
40091,McIntosh,Oklahoma,18941,8216,1911,35.385902,-95.581367
40093,Major,Oklahoma,7782,3064,1210,36.298864,-98.432369
40095,Marshall,Oklahoma,15312,6384,1222,34.018090,-96.749333
40097,Mayes,Oklahoma,39046,16071,4597,36.292233,-95.243222
40099,Murray,Oklahoma,13904,5207,1337,34.507083,-97.027691
40101,Muskogee,Oklahoma,66339,26535,9500,35.711850,-95.366561
40103,Noble,Oklahoma,10924,4501,1819,36.324096,-97.233088
40105,Nowata,Oklahoma,9320,4128,1738,36.774995,-95.635237
40107,Okfuskee,Oklahoma,11310,4036,1317,35.451094,-96.337952
40109,Oklahoma,Oklahoma,796292,305780,184724,35.525530,-97.512375
40111,Okmulgee,Oklahoma,36706,14644,7020,35.617922,-95.969216
40113,Osage,Oklahoma,45818,18364,7978,36.415208,-96.228583
40115,Ottawa,Oklahoma,30285,11919,5161,36.857439,-94.834841
40117,Pawnee,Oklahoma,15553,6260,2404,36.270375,-96.539216
40119,Payne,Oklahoma,81646,31346,15115,36.091300,-97.007049
40121,Pittsburg,Oklahoma,43773,17846,6405,34.956346,-95.721263
40123,Pontotoc,Oklahoma,38065,14234,6392,34.774213,-96.673190
40125,Pottawatomie,Oklahoma,72454,26066,12589,35.321377,-96.952883
40127,Pushmataha,Oklahoma,10812,4477,502,34.327826,-95.482036
40129,Roger Mills,Oklahoma,3442,1377,374,35.628485,-99.659405
40131,Rogers,Oklahoma,95240,35208,19906,36.315330,-95.650597
40133,Seminole,Oklahoma,23556,9357,3324,35.186227,-96.631163
40135,Sequoyah,Oklahoma,39281,15437,3586,35.466206,-94.729702
40137,Stephens,Oklahoma,42848,16607,7919,34.518536,-97.946619
40139,Texas,Oklahoma,21384,6761,4296,36.712185,-101.448408
40141,Tillman,Oklahoma,6968,2794,1711,34.382478,-98.971119
40143,Tulsa,Oklahoma,669279,253909,164365,36.102700,-95.911510
40145,Wagoner,Oklahoma,80981,29591,17412,36.015963,-95.627565
40147,Washington,Oklahoma,52455,20376,13160,36.728457,-95.937432
40149,Washita,Oklahoma,10924,4296,2448,35.314336,-99.053530
40151,Woods,Oklahoma,8624,3140,2023,36.767497,-98.708062
40153,Woodward,Oklahoma,20470,7608,4083,36.423748,-99.383574
41001,Baker,Oregon,16668,7158,2842,44.780021,-117.762087
41003,Benton,Oregon,95184,36051,14333,44.573123,-123.275062
41005,Clackamas,Oregon,421401,159330,72455,45.363411,-122.575016
41007,Clatsop,Oregon,41072,16019,7145,46.098894,-123.841041
41009,Columbia,Oregon,52589,19872,6377,45.889969,-122.929381
41011,Coos,Oregon,64929,27819,1328,43.305461,-124.232445
41013,Crook,Oregon,24738,9998,2466,44.283564,-120.843605
41015,Curry,Oregon,23446,10790,255,42.251867,-124.327962
41017,Deschutes,Oregon,198253,77040,29311,44.090954,-121.306213
41019,Douglas,Oregon,111201,46439,11318,43.239963,-123.388771
41021,Gilliam,Oregon,1995,905,21,45.449592,-120.197022
41023,Grant,Oregon,7233,3453,50,44.451525,-119.003559
41025,Harney,Oregon,7495,3176,33,43.521602,-118.986891
41027,Hood River,Oregon,23977,8892,2599,45.658959,-121.565661
41029,Jackson,Oregon,223259,89690,31019,42.347769,-122.858631
41031,Jefferson,Oregon,24502,8395,944,44.591478,-121.190361
41033,Josephine,Oregon,88090,36606,8672,42.404433,-123.385170
41035,Klamath,Oregon,69413,28376,11799,42.285893,-121.726802
41037,Lake,Oregon,8160,3533,176,42.478434,-120.476422
41039,Lane,Oregon,382971,154516,26883,44.039563,-123.119235
41041,Lincoln,Oregon,50395,21841,4899,44.713731,-124.002001
41043,Linn,Oregon,128610,48290,17766,44.556336,-122.959471
41045,Malheur,Oregon,31571,10059,3164,43.975358,-117.061140
41047,Marion,Oregon,345920,120474,49682,44.960149,-122.955907
41049,Morrow,Oregon,12186,4093,263,45.739056,-119.617276
41051,Multnomah,Oregon,815428,334849,163283,45.517904,-122.591156
41053,Polk,Oregon,87433,30726,11099,44.920857,-123.208110
41055,Sherman,Oregon,1870,727,15,45.518367,-120.721460
41057,Tillamook,Oregon,27390,11075,275,45.469525,-123.858484
41059,Umatilla,Oregon,80075,26823,8113,45.801243,-118.967455
41061,Union,Oregon,26196,10785,5154,45.341591,-118.018208
41063,Wallowa,Oregon,7391,3195,69,45.443336,-117.305634
41065,Wasco,Oregon,26670,10333,1228,45.541482,-121.204066
41067,Washington,Oregon,600372,223040,114262,45.486067,-122.870920
41069,Wheeler,Oregon,1451,669,19,44.837096,-120.088844
41071,Yamhill,Oregon,107722,37542,8910,45.239528,-123.136974
42001,Adams,Pennsylvania,103852,39628,12915,39.851137,-77.157037
42003,Allegheny,Pennsylvania,1250578,545695,446293,40.447811,-79.971635
42005,Armstrong,Pennsylvania,65558,28035,21466,40.769635,-79.510990
42007,Beaver,Pennsylvania,168215,72086,49525,40.684267,-80.302021
42009,Bedford,Pennsylvania,47577,19930,693,40.054295,-78.476925
42011,Berks,Pennsylvania,428849,156389,63799,40.362681,-75.909878
42013,Blair,Pennsylvania,122822,51647,29049,40.487156,-78.376585
42015,Bradford,Pennsylvania,59967,25084,8787,41.833895,-76.527899
42017,Bucks,Pennsylvania,646538,240763,87775,40.239408,-75.026366
42019,Butler,Pennsylvania,193763,77725,51700,40.821598,-79.966512
42021,Cambria,Pennsylvania,133472,56933,26855,40.408084,-78.800185
42023,Cameron,Pennsylvania,4547,2334,1187,41.502354,-78.238790
42025,Carbon,Pennsylvania,64749,26545,3055,40.871955,-75.708895
42027,Centre,Pennsylvania,158172,59380,14408,40.839811,-77.836167
42029,Chester,Pennsylvania,534413,192951,66524,39.993381,-75.678116
42031,Clarion,Pennsylvania,37241,15930,11423,41.182373,-79.429465
42033,Clearfield,Pennsylvania,80562,31704,9060,40.991528,-78.499291
42035,Clinton,Pennsylvania,37450,15058,2216,41.140123,-77.448809
42037,Columbia,Pennsylvania,64727,26482,6488,41.038653,-76.389553
42039,Crawford,Pennsylvania,83938,35169,16935,41.666386,-80.098406
42041,Cumberland,Pennsylvania,259469,101176,35931,40.205907,-77.092609
42043,Dauphin,Pennsylvania,286401,113759,41381,40.304616,-76.796486
42045,Delaware,Pennsylvania,576830,209596,130134,39.922639,-75.348866
42047,Elk,Pennsylvania,30990,14215,9977,41.419129,-78.619743
42049,Erie,Pennsylvania,270876,110388,86447,42.068563,-80.072680
42051,Fayette,Pennsylvania,128804,55346,24696,39.949204,-79.715960
42053,Forest,Pennsylvania,6973,2131,969,41.487078,-79.223165
42055,Franklin,Pennsylvania,155932,61617,11067,39.883461,-77.654852
42057,Fulton,Pennsylvania,14556,6040,28,39.918305,-78.086150
42059,Greene,Pennsylvania,35954,14503,7530,39.876907,-80.113513
42061,Huntingdon,Pennsylvania,44092,16779,1265,40.428603,-78.002926
42063,Indiana,Pennsylvania,83246,33855,17911,40.617473,-79.130500
42065,Jefferson,Pennsylvania,44492,18400,12807,41.085869,-78.964273
42067,Juniata,Pennsylvania,23509,9380,167,40.573028,-77.327685
42069,Lackawanna,Pennsylvania,215896,87737,56402,41.441461,-75.636396
42071,Lancaster,Pennsylvania,552984,204003,65196,40.073910,-76.292480
42073,Lawrence,Pennsylvania,86070,37300,21949,40.986789,-80.336455
42075,Lebanon,Pennsylvania,143257,53857,16440,40.340342,-76.443132
42077,Lehigh,Pennsylvania,374557,140072,45554,40.597849,-75.509406
42079,Luzerne,Pennsylvania,325594,130039,63583,41.195284,-75.928422
42081,Lycoming,Pennsylvania,114188,46160,16482,41.249270,-76.981292
42083,McKean,Pennsylvania,40432,17059,13574,41.865244,-78.583250
42085,Mercer,Pennsylvania,110652,46821,29594,41.263855,-80.336703
42087,Mifflin,Pennsylvania,46143,19075,2377,40.604270,-77.615882
42089,Monroe,Pennsylvania,168327,59950,6494,41.038639,-75.305852
42091,Montgomery,Pennsylvania,856553,318648,164908,40.169483,-75.314499
42093,Montour,Pennsylvania,18136,7475,1785,40.996765,-76.630209
42095,Northampton,Pennsylvania,312951,115300,42961,40.699145,-75.320858
42097,Northumberland,Pennsylvania,91647,39048,9522,40.874558,-76.684501
42099,Perry,Pennsylvania,45842,18512,242,40.410783,-77.154446
42101,Philadelphia,Pennsylvania,1603797,613125,443652,40.003523,-75.139476
42103,Pike,Pennsylvania,58535,22717,2452,41.302389,-74.983463
42105,Potter,Pennsylvania,16396,6630,4306,41.823262,-77.935838
42107,Schuylkill,Pennsylvania,143049,58646,3791,40.712667,-76.195872
42109,Snyder,Pennsylvania,39736,14824,2007,40.787382,-76.980927
42111,Somerset,Pennsylvania,74129,29518,6043,40.029001,-79.012353
42113,Sullivan,Pennsylvania,5840,2751,39,41.469615,-76.492908
42115,Susquehanna,Pennsylvania,38434,17027,606,41.823092,-75.769230
42117,Tioga,Pennsylvania,41045,16442,10860,41.814804,-77.211057
42119,Union,Pennsylvania,42681,14762,2113,40.970242,-76.959238
42121,Venango,Pennsylvania,50454,22103,14930,41.404235,-79.765355
42123,Warren,Pennsylvania,38587,17124,11680,41.853111,-79.233295
42125,Washington,Pennsylvania,209349,85201,56090,40.208360,-80.146146
42127,Wayne,Pennsylvania,51155,18938,1916,41.539728,-75.307606
42129,Westmoreland,Pennsylvania,354663,153772,101453,40.340199,-79.594629
42131,Wyoming,Pennsylvania,26069,10887,502,41.538722,-75.938649
42133,York,Pennsylvania,456438,174425,89777,39.941929,-76.753720
44001,Bristol,Rhode Island,50793,18961,10665,41.712608,-71.284716
44003,Kent,Rhode Island,170363,70085,36930,41.698511,-71.488956
44005,Newport,Rhode Island,85643,34578,11203,41.548629,-71.266556
44007,Providence,Rhode Island,660741,240886,149949,41.857227,-71.449675
44009,Washington,Rhode Island,129839,50220,14990,41.467323,-71.590046
45001,Abbeville,South Carolina,24295,9597,2157,34.241575,-82.422103
45003,Aiken,South Carolina,168808,68266,22086,33.535704,-81.774519
45005,Allendale,South Carolina,8039,3426,868,32.997052,-81.291327
45007,Anderson,South Carolina,203718,78636,24454,34.564685,-82.616620
45009,Bamberg,South Carolina,13311,5070,695,33.267569,-81.072226
45011,Barnwell,South Carolina,20589,8670,970,33.294536,-81.356749
45013,Beaufort,South Carolina,187117,74231,11070,32.317957,-80.786927
45015,Berkeley,South Carolina,229861,79597,12333,33.059268,-80.035006
45017,Calhoun,South Carolina,14119,6221,238,33.677921,-80.822118
45019,Charleston,South Carolina,408235,163411,30739,32.825793,-79.978136
45021,Cherokee,South Carolina,56216,20779,3032,35.080959,-81.648305
45023,Chester,South Carolina,32294,12861,5187,34.704401,-81.118573
45025,Chesterfield,South Carolina,43273,18213,1749,34.681114,-80.149834
45027,Clarendon,South Carolina,31144,12775,260,33.686186,-80.207955
45029,Colleton,South Carolina,38604,15281,887,32.908810,-80.646921
45031,Darlington,South Carolina,62905,26117,1620,34.326094,-79.985464
45033,Dillon,South Carolina,28292,11147,562,34.394790,-79.361598
45035,Dorchester,South Carolina,161540,56939,10159,32.995941,-80.212663
45037,Edgefield,South Carolina,25657,9171,1232,33.713128,-81.923002
45039,Fairfield,South Carolina,20948,9315,1532,34.361268,-81.069334
45041,Florence,South Carolina,137059,52880,5247,34.106046,-79.764677
45043,Georgetown,South Carolina,63404,25758,1641,33.457552,-79.250947
45045,Greenville,South Carolina,525534,198015,74341,34.844659,-82.331257
45047,Greenwood,South Carolina,69351,27977,9128,34.205171,-82.147907
45049,Hampton,South Carolina,18561,6893,385,32.801597,-81.116415
45051,Horry,South Carolina,351029,136219,9005,33.780221,-78.937681
45053,Jasper,South Carolina,28791,10724,1457,32.407305,-81.002142
45055,Kershaw,South Carolina,65403,25293,4251,34.257249,-80.650865
45057,Lancaster,South Carolina,96016,35228,19528,34.804751,-80.771843
45059,Laurens,South Carolina,67539,25555,8610,34.509505,-82.032019
45061,Lee,South Carolina,16531,6455,529,34.183585,-80.266874
45063,Lexington,South Carolina,293991,115220,27153,33.962205,-81.218934
45065,McCormick,South Carolina,9526,3984,160,33.879301,-82.297749
45067,Marion,South Carolina,29183,11282,944,34.166085,-79.340476
45069,Marlboro,South Carolina,26667,9384,1196,34.637958,-79.671661
45071,Newberry,South Carolina,37719,14976,3881,34.264651,-81.573551
45073,Oconee,South Carolina,78607,32440,5978,34.707527,-83.002043
45075,Orangeburg,South Carolina,84223,33629,2797,33.471760,-80.798783
45077,Pickens,South Carolina,131404,48522,14920,34.805302,-82.689713
45079,Richland,South Carolina,416147,155478,37630,34.067968,-80.988835
45081,Saluda,South Carolina,18862,7360,606,33.998820,-81.702809
45083,Spartanburg,South Carolina,327997,118788,30024,34.963891,-82.007751
45085,Sumter,South Carolina,105556,41704,3947,33.929496,-80.389604
45087,Union,South Carolina,27244,11707,3348,34.733128,-81.627678
45089,Williamsburg,South Carolina,31026,12705,428,33.651948,-79.733224
45091,York,South Carolina,282090,103582,46674,34.998556,-81.051363
46003,Aurora,South Dakota,2747,1124,7,43.693726,-98.529708
46005,Beadle,South Dakota,19149,7684,3836,44.367306,-98.227700
46007,Bennett,South Dakota,3381,1036,41,43.210572,-101.785879
46009,Bon Homme,South Dakota,7003,2556,241,42.966147,-97.859901
46011,Brookings,South Dakota,34375,13364,5763,44.310910,-96.785884
46013,Brown,South Dakota,38301,16245,7799,45.475353,-98.451669
46015,Brule,South Dakota,5247,2228,120,43.762674,-99.191362
46017,Buffalo,South Dakota,1948,540,9,44.059088,-99.371007
46019,Butte,South Dakota,10243,4179,1916,44.669688,-103.766262
46021,Campbell,South Dakota,1377,699,23,45.801272,-100.100553
46023,Charles Mix,South Dakota,9373,3149,78,43.175337,-98.527816
46025,Clark,South Dakota,3837,1584,588,44.825614,-97.709207
46027,Clay,South Dakota,14967,5259,2861,42.808955,-96.936772
46029,Codington,South Dakota,28325,12090,6615,44.914070,-97.129856
46031,Corson,South Dakota,3902,1205,17,45.758065,-100.912373
46033,Custer,South Dakota,8318,3893,144,43.740721,-103.514861
46035,Davison,South Dakota,19956,8651,4562,43.706382,-98.040431
46037,Day,South Dakota,5449,2568,605,45.369062,-97.519215
46039,Deuel,South Dakota,4295,1777,530,44.738673,-96.660949
46041,Dewey,South Dakota,5239,1731,19,45.116562,-101.110107
46043,Douglas,South Dakota,2835,1203,23,43.377636,-98.369735
46045,Edmunds,South Dakota,3986,1550,445,45.453421,-99.148719
46047,Fall River,South Dakota,6973,3138,48,43.387361,-103.513072
46049,Faulk,South Dakota,2125,920,12,45.061037,-99.099318
46051,Grant,South Dakota,7556,3148,1311,45.206943,-96.658721
46053,Gregory,South Dakota,3994,1832,26,43.183504,-99.279550
46055,Haakon,South Dakota,1872,758,6,44.133291,-101.572693
46057,Hamlin,South Dakota,6164,2242,800,44.646162,-97.148245
46059,Hand,South Dakota,3145,1426,28,44.525472,-98.991594
46061,Hanson,South Dakota,3461,1039,227,43.656069,-97.771709
46063,Harding,South Dakota,1311,516,56,45.605864,-103.520304
46065,Hughes,South Dakota,17765,7475,3265,44.382830,-100.305301
46067,Hutchinson,South Dakota,7427,2977,961,43.336978,-97.745451
46069,Hyde,South Dakota,1262,616,12,44.519687,-99.455271
46071,Jackson,South Dakota,2806,815,0,43.649678,-101.665063
46073,Jerauld,South Dakota,1663,940,24,44.091010,-98.537954
46075,Jones,South Dakota,917,419,3,43.895340,-100.695148
46077,Kingsbury,South Dakota,5187,2172,881,44.377105,-97.408777
46079,Lake,South Dakota,11059,4712,1966,44.001466,-97.095038
46081,Lawrence,South Dakota,25768,11250,6740,44.453405,-103.805876
46083,Lincoln,South Dakota,65161,20341,12501,43.441142,-96.744487
46085,Lyman,South Dakota,3718,1393,58,43.953669,-99.716961
46087,McCook,South Dakota,5682,2206,705,43.661486,-97.348311
46089,McPherson,South Dakota,2411,996,44,45.766155,-99.243067
46091,Marshall,South Dakota,4306,1898,62,45.757886,-97.628902
46093,Meade,South Dakota,29852,11142,5261,44.281372,-103.280064
46095,Mellette,South Dakota,1918,675,18,43.549370,-100.809211
46097,Miner,South Dakota,2298,963,231,44.011310,-97.551535
46099,Minnehaha,South Dakota,197214,78453,50925,43.558266,-96.731507
46101,Moody,South Dakota,6336,2608,647,44.018445,-96.663373
46102,Oglala Lakota,South Dakota,13672,2813,24,43.183372,-102.479640
46103,Pennington,South Dakota,109222,43947,25148,44.064853,-103.210935
46105,Perkins,South Dakota,2835,1329,61,45.709610,-102.331006
46107,Potter,South Dakota,2472,997,336,45.070399,-99.951949
46109,Roberts,South Dakota,10280,3889,83,45.611156,-96.959096
46111,Sanborn,South Dakota,2330,987,16,44.005619,-98.145130
46115,Spink,South Dakota,6361,2599,1085,44.904738,-98.412881
46117,Stanley,South Dakota,2980,1443,904,44.372239,-100.448102
46119,Sully,South Dakota,1446,591,178,44.703108,-100.135851
46121,Todd,South Dakota,9319,2674,162,43.249270,-100.780183
46123,Tripp,South Dakota,5624,2234,72,43.350237,-99.846955
46125,Turner,South Dakota,8673,3530,934,43.304408,-97.112768
46127,Union,South Dakota,16811,6864,3188,42.681007,-96.592222
46129,Walworth,South Dakota,5315,2263,1131,45.518483,-100.311806
46135,Yankton,South Dakota,23310,9558,5124,42.901260,-97.396931
46137,Ziebach,South Dakota,2413,775,7,44.929817,-101.530161
47001,Anderson,Tennessee,77123,30886,12694,36.081238,-84.178765
47003,Bedford,Tennessee,50237,17490,2709,35.512233,-86.465018
47005,Benton,Tennessee,15864,6770,2680,36.070898,-88.090044
47007,Bledsoe,Tennessee,14913,4822,645,35.621511,-85.200314
47009,Blount,Tennessee,135280,51274,12949,35.753197,-83.973461
47011,Bradley,Tennessee,108620,40730,4974,35.167425,-84.859688
47013,Campbell,Tennessee,39272,16461,4634,36.381486,-84.125957
47015,Cannon,Tennessee,14506,5579,1228,35.799353,-86.063976
47017,Carroll,Tennessee,28440,10993,5217,36.018877,-88.464218
47019,Carter,Tennessee,56356,23993,2658,36.318990,-82.203404
47021,Cheatham,Tennessee,41072,15317,3036,36.272282,-87.063519
47023,Chester,Tennessee,17341,5992,2823,35.438266,-88.622510
47025,Claiborne,Tennessee,32043,13561,533,36.488700,-83.639849
47027,Clay,Tennessee,7581,3176,243,36.552828,-85.562901
47029,Cocke,Tennessee,35999,14171,1639,35.947274,-83.174047
47031,Coffee,Tennessee,57889,22034,5171,35.454229,-86.124582
47033,Crockett,Tennessee,13911,5653,1981,35.787543,-89.120017
47035,Cumberland,Tennessee,61145,26389,10169,35.955637,-85.017779
47037,Davidson,Tennessee,715884,289191,93144,36.137771,-86.744752
47039,Decatur,Tennessee,11435,4637,2024,35.606176,-88.123327
47041,DeKalb,Tennessee,20080,7782,3061,35.967047,-85.836916
47043,Dickson,Tennessee,54315,19559,8876,36.104233,-87.343938
47045,Dyer,Tennessee,36801,15271,6550,36.059417,-89.358361
47047,Fayette,Tennessee,41990,16040,8398,35.201116,-89.479763
47049,Fentress,Tennessee,18489,7368,1904,36.363232,-84.936669
47051,Franklin,Tennessee,42774,16497,3681,35.208173,-86.116159
47053,Gibson,Tennessee,50429,19594,7546,35.932264,-88.870969
47055,Giles,Tennessee,30346,11700,2252,35.192203,-87.030448
47057,Grainger,Tennessee,23527,9147,119,36.266188,-83.486630
47059,Greene,Tennessee,70152,27515,1311,36.177480,-82.832594
47061,Grundy,Tennessee,13529,4944,316,35.343196,-85.722272
47063,Hamblen,Tennessee,64499,24490,3032,36.215549,-83.297502
47065,Hamilton,Tennessee,366207,148296,41299,35.093764,-85.201806
47067,Hancock,Tennessee,6662,2731,94,36.517225,-83.231102
47069,Hardeman,Tennessee,25462,9245,4060,35.222929,-89.018519
47071,Hardin,Tennessee,26831,10087,3972,35.198544,-88.225953
47073,Hawkins,Tennessee,56721,23183,4414,36.463000,-82.874023
47075,Haywood,Tennessee,17864,7148,2945,35.586198,-89.267733
47077,Henderson,Tennessee,27842,10914,6351,35.647965,-88.402891
47079,Henry,Tennessee,32199,13190,4826,36.319829,-88.291369
47081,Hickman,Tennessee,24925,8675,1424,35.854710,-87.405499
47083,Houston,Tennessee,8283,2919,425,36.304161,-87.704274
47085,Humphreys,Tennessee,18990,6869,3574,36.071211,-87.775090
47087,Jackson,Tennessee,11617,4525,342,36.327984,-85.629403
47089,Jefferson,Tennessee,54683,20038,2603,36.064823,-83.453077
47091,Johnson,Tennessee,17948,6979,127,36.450066,-81.844689
47093,Knox,Tennessee,478971,189536,65144,35.971886,-83.991621
47095,Lake,Tennessee,7005,2167,787,36.356402,-89.467221
47097,Lauderdale,Tennessee,25143,9609,4994,35.765131,-89.537383
47099,Lawrence,Tennessee,44159,16140,4626,35.237607,-87.353601
47101,Lewis,Tennessee,12582,4837,1668,35.533225,-87.521716
47103,Lincoln,Tennessee,35319,13788,3424,35.105199,-86.571740
47105,Loudon,Tennessee,54886,20967,5746,35.760641,-84.284282
47107,McMinn,Tennessee,53276,21147,4794,35.426045,-84.598722
47109,McNairy,Tennessee,25866,9875,1993,35.176963,-88.537496
47111,Macon,Tennessee,25216,9143,1526,36.535265,-86.025628
47113,Madison,Tennessee,98823,38266,18822,35.653504,-88.824487
47115,Marion,Tennessee,28837,11438,1622,35.109520,-85.608797
47117,Marshall,Tennessee,34318,12436,2372,35.496732,-86.770825
47119,Maury,Tennessee,100974,35163,9555,35.635591,-87.029196
47121,Meigs,Tennessee,12758,5079,254,35.502098,-84.816211
47123,Monroe,Tennessee,46250,18639,2098,35.518372,-84.354235
47125,Montgomery,Tennessee,220069,74606,15399,36.557126,-87.345978
47127,Moore,Tennessee,6461,2599,130,35.296438,-86.340442
47129,Morgan,Tennessee,21035,7524,3078,36.098366,-84.593205
47131,Obion,Tennessee,30787,12633,4945,36.397163,-89.079910
47133,Overton,Tennessee,22511,8969,1314,36.344912,-85.324939
47135,Perry,Tennessee,8366,2929,966,35.653842,-87.859297
47137,Pickett,Tennessee,5001,2211,101,36.565622,-85.141318
47139,Polk,Tennessee,17544,7448,264,35.125195,-84.568406
47141,Putnam,Tennessee,79854,31777,7457,36.163157,-85.503795
47143,Rhea,Tennessee,32870,12324,4789,35.556758,-84.954393
47145,Roane,Tennessee,53404,21596,7212,35.881148,-84.522160
47147,Robertson,Tennessee,72803,26122,7960,36.484560,-86.830273
47149,Rutherford,Tennessee,341486,115249,27277,35.888267,-86.450266
47151,Scott,Tennessee,21850,8625,4721,36.454470,-84.508258
47153,Sequatchie,Tennessee,15826,5539,796,35.355415,-85.391417
47155,Sevier,Tennessee,98380,37993,5565,35.864247,-83.582490
47157,Shelby,Tennessee,929744,356607,181958,35.131029,-89.886356
47159,Smith,Tennessee,19904,7688,2461,36.241313,-85.968175
47161,Stewart,Tennessee,13657,5226,163,36.493716,-87.800108
47163,Sullivan,Tennessee,158163,66645,6415,36.529913,-82.397127
47165,Sumner,Tennessee,196281,68654,28200,36.396228,-86.536038
47167,Tipton,Tennessee,60970,21624,12559,35.475870,-89.750299
47169,Trousdale,Tennessee,11615,3398,469,36.386235,-86.153351
47171,Unicoi,Tennessee,17928,7683,2356,36.151274,-82.394706
47173,Union,Tennessee,19802,7463,107,36.245311,-83.815954
47175,Van Buren,Tennessee,6168,2242,244,35.711516,-85.454611
47177,Warren,Tennessee,40953,15515,3621,35.695188,-85.794787
47179,Washington,Tennessee,133001,54603,7218,36.325615,-82.433815
47181,Wayne,Tennessee,16232,5737,789,35.258132,-87.790328
47183,Weakley,Tennessee,32902,13563,3868,36.292493,-88.773817
47185,White,Tennessee,27351,10219,4306,35.941573,-85.488902
47187,Williamson,Tennessee,247726,81041,44386,35.912269,-86.846241
47189,Wilson,Tennessee,147737,51348,17461,36.200347,-86.409498
48001,Anderson,Texas,57922,16555,3123,31.775312,-95.683934
48003,Andrews,Texas,18610,5649,1761,32.321401,-102.539607
48005,Angelina,Texas,86395,31368,7054,31.313526,-94.716132
48007,Aransas,Texas,23830,9917,2098,28.030687,-97.072506
48009,Archer,Texas,8560,3513,684,33.712813,-98.607348
48011,Armstrong,Texas,1848,720,333,35.092208,-101.392108
48013,Atascosa,Texas,48981,15798,1537,29.041628,-98.578427
48015,Austin,Texas,30167,11569,2244,29.850973,-96.219899
48017,Bailey,Texas,6904,2056,1303,34.218733,-102.744103
48019,Bandera,Texas,20851,8697,470,29.703518,-99.031596
48021,Bastrop,Texas,97216,26173,4215,30.142585,-97.366668
48023,Baylor,Texas,3465,1621,897,33.591163,-99.264553
48025,Bee,Texas,31047,8499,1360,28.395559,-97.733787
48027,Bell,Texas,370647,125747,14778,31.081490,-97.591674
48029,Bexar,Texas,2009324,644561,203053,29.484685,-98.532945
48031,Blanco,Texas,11374,4665,88,30.177148,-98.392080
48033,Borden,Texas,631,223,20,32.757641,-101.436493
48035,Bosque,Texas,18235,7255,1448,31.862115,-97.570902
48037,Bowie,Texas,92893,34283,12377,33.436613,-94.200820
48039,Brazoria,Texas,372031,124184,56530,29.355331,-95.385044
48041,Brazos,Texas,233849,81514,28056,30.624157,-96.328757
48043,Brewster,Texas,9546,4292,1055,30.222448,-103.620129
48045,Briscoe,Texas,1435,588,313,34.443465,-101.234309
48047,Brooks,Texas,7076,2475,464,27.208714,-98.144842
48049,Brown,Texas,38095,14614,4667,31.731619,-98.989268
48051,Burleson,Texas,17642,6931,787,30.475618,-96.644593
48053,Burnet,Texas,49130,17384,1814,30.672177,-98.241706
48055,Caldwell,Texas,45883,13774,2447,29.865312,-97.674628
48057,Calhoun,Texas,20106,8027,2175,28.589157,-96.625881
48059,Callahan,Texas,13708,5372,1121,32.351779,-99.452875
48061,Cameron,Texas,421017,126968,8122,26.047418,-97.561196
48063,Camp,Texas,12464,4460,1067,32.990171,-94.985027
48065,Carson,Texas,5807,2332,1510,35.382121,-101.328264
48067,Cass,Texas,28454,11962,3139,33.080612,-94.297274
48069,Castro,Texas,7371,2557,1447,34.525081,-102.272214
48071,Chambers,Texas,46571,14266,4353,29.805419,-94.768972
48073,Cherokee,Texas,50412,18540,4984,31.913488,-95.216202
48075,Childress,Texas,6664,2308,1384,34.428092,-100.223958
48077,Clay,Texas,10218,4159,994,33.825391,-98.244798
48079,Cochran,Texas,2547,1026,663,33.689389,-102.741038
48081,Coke,Texas,3285,1625,474,31.904116,-100.416634
48083,Coleman,Texas,7684,3492,1385,31.808131,-99.425034
48085,Collin,Texas,1064465,353491,169531,33.112899,-96.690642
48087,Collingsworth,Texas,2652,1029,579,34.861822,-100.221748
48089,Colorado,Texas,20557,7442,1500,29.664806,-96.538931
48091,Comal,Texas,161501,54586,7374,29.764473,-98.221660
48093,Comanche,Texas,13594,5416,1258,31.972232,-98.559029
48095,Concho,Texas,3303,876,198,31.291192,-99.857069
48097,Cooke,Texas,41668,15530,3664,33.607384,-97.133790
48099,Coryell,Texas,83093,22324,4878,31.236375,-97.832520
48101,Cottle,Texas,1380,703,367,34.027790,-100.304280
48103,Crane,Texas,4675,1500,595,31.402296,-102.352663
48105,Crockett,Texas,3098,1394,366,30.704747,-101.216615
48107,Crosby,Texas,5133,2107,1068,33.660414,-101.357576
48109,Culberson,Texas,2188,668,349,31.064217,-104.819502
48111,Dallam,Texas,7115,2344,1403,36.104995,-102.568672
48113,Dallas,Texas,2613539,945996,346538,32.809819,-96.787649
48115,Dawson,Texas,12456,4430,2859,32.734655,-101.949301
48117,Deaf Smith,Texas,18583,6053,3623,34.835619,-102.402802
48119,Delta,Texas,5230,2066,525,33.374802,-95.704590
48121,Denton,Texas,906422,300585,126814,33.116408,-97.014655
48123,DeWitt,Texas,19824,6823,1579,29.099569,-97.311520
48125,Dickens,Texas,1770,861,130,33.546700,-100.855931
48127,Dimmit,Texas,8615,3178,365,28.520685,-99.826991
48129,Donley,Texas,3258,1344,648,34.943929,-100.862317
48131,Duval,Texas,9831,3407,669,27.742533,-98.391035
48133,Eastland,Texas,17725,7017,2238,32.357306,-98.845399
48135,Ector,Texas,165171,53602,22238,31.866684,-102.389586
48137,Edwards,Texas,1422,787,20,29.985934,-100.202797
48139,Ellis,Texas,192455,59399,12102,32.429032,-96.828008
48141,El Paso,Texas,865657,273662,199602,31.783025,-106.365548
48143,Erath,Texas,42545,14263,2704,32.212060,-98.225168
48145,Falls,Texas,16968,5552,1567,31.260935,-96.951052
48147,Fannin,Texas,35662,12391,3150,33.556926,-96.181312
48149,Fayette,Texas,24435,9033,1305,29.856137,-96.901177
48151,Fisher,Texas,3672,1676,663,32.770889,-100.413975
48153,Floyd,Texas,5402,2184,1408,34.039808,-101.374427
48155,Foard,Texas,1095,509,198,33.991610,-99.705226
48157,Fort Bend,Texas,822779,248299,149223,29.620209,-95.681282
48159,Franklin,Texas,10359,3960,656,33.122067,-95.223923
48161,Freestone,Texas,19435,6736,1010,31.700054,-96.209290
48163,Frio,Texas,18385,4673,722,28.839468,-99.108503
48165,Gaines,Texas,21598,5878,1582,32.751995,-102.658045
48167,Galveston,Texas,350682,125204,58548,29.428137,-95.019324
48169,Garza,Texas,5816,1713,737,33.197542,-101.380565
48171,Gillespie,Texas,26725,10820,2545,30.273641,-98.908076
48173,Glasscock,Texas,1116,435,15,31.842600,-101.525278
48175,Goliad,Texas,7012,2840,147,28.710579,-97.362276
48177,Gonzales,Texas,19653,7465,1208,29.477178,-97.504312
48179,Gray,Texas,21227,7843,5018,35.530415,-100.939889
48181,Grayson,Texas,135543,49327,16304,33.644861,-96.626605
48183,Gregg,Texas,124239,46174,15287,32.499890,-94.790846
48185,Grimes,Texas,29268,9206,1067,30.439295,-96.007289
48187,Guadalupe,Texas,172706,55710,5229,29.601993,-98.107377
48189,Hale,Texas,32522,10888,6777,34.143518,-101.742413
48191,Hall,Texas,2825,1252,794,34.664744,-100.592641
48193,Hamilton,Texas,8222,3007,1060,31.763001,-98.095686
48195,Hansford,Texas,5285,1859,1160,36.213672,-101.271246
48197,Hardeman,Texas,3549,1672,1043,34.285182,-99.701429
48199,Hardin,Texas,56231,21188,3509,30.299380,-94.257170
48201,Harris,Texas,4731145,1635749,694473,29.816889,-95.425716
48203,Harrison,Texas,68839,23841,6824,32.534326,-94.427274
48205,Hartley,Texas,5382,1691,1027,35.994603,-102.502310
48207,Haskell,Texas,5416,2162,1103,33.177505,-99.764733
48209,Hays,Texas,241067,76724,21378,30.009405,-97.925385
48211,Hemphill,Texas,3382,1356,605,35.893039,-100.360755
48213,Henderson,Texas,82150,31649,2913,32.241331,-95.889359
48215,Hidalgo,Texas,870781,243878,15063,26.235916,-98.184508
48217,Hill,Texas,35874,13094,2219,31.998194,-97.177130
48219,Hockley,Texas,21537,8071,4207,33.583536,-102.333262
48221,Hood,Texas,61598,23215,1392,32.434349,-97.762260
48223,Hopkins,Texas,36787,13514,2922,33.124495,-95.589265
48225,Houston,Texas,22066,8234,1758,31.297879,-95.466359
48227,Howard,Texas,34860,11354,5457,32.241408,-101.463071
48229,Hudspeth,Texas,3202,1127,134,31.368286,-105.546009
48231,Hunt,Texas,99956,33596,7460,33.082058,-96.104497
48233,Hutchinson,Texas,20617,7074,4374,35.679194,-101.447120
48235,Irion,Texas,1513,636,44,31.270407,-100.834684
48237,Jack,Texas,8472,3169,1084,33.200241,-98.168766
48239,Jackson,Texas,14988,4924,1158,28.959201,-96.594369
48241,Jasper,Texas,32980,13725,1202,30.731569,-93.993279
48243,Jeff Davis,Texas,1996,991,106,30.608875,-103.996920
48245,Jefferson,Texas,256526,94012,36687,30.011460,-94.067627
48247,Jim Hogg,Texas,4838,1545,284,27.303139,-98.685247
48249,Jim Wells,Texas,38891,12924,1999,27.755632,-98.062817
48251,Johnson,Texas,179927,58270,6907,32.441328,-97.322751
48253,Jones,Texas,19663,5646,1508,32.706551,-99.805060
48255,Karnes,Texas,14710,4552,969,28.858110,-97.870329
48257,Kaufman,Texas,145310,39237,10482,32.671244,-96.358092
48259,Kendall,Texas,44279,14789,1439,29.831401,-98.717572
48261,Kenedy,Texas,350,129,0,27.104123,-97.788911
48263,Kent,Texas,753,286,16,33.250470,-100.625144
48265,Kerr,Texas,52598,21278,2984,30.040273,-99.159357
48267,Kimble,Texas,4286,1967,337,30.486259,-99.727741
48269,King,Texas,265,90,4,33.644368,-100.295750
48271,Kinney,Texas,3129,1475,79,29.303419,-100.418210
48273,Kleberg,Texas,31040,11140,2306,27.491433,-97.856967
48275,Knox,Texas,3353,1394,830,33.459835,-99.703999
48277,Lamar,Texas,50088,19995,5272,33.675491,-95.534041
48279,Lamb,Texas,13045,4706,2646,34.028312,-102.324682
48281,Lampasas,Texas,21627,7823,1155,31.095229,-98.113200
48283,La Salle,Texas,6664,2142,224,28.353424,-99.246365
48285,Lavaca,Texas,20337,7904,1620,29.407088,-97.043810
48287,Lee,Texas,17478,6159,988,30.274826,-96.971427
48289,Leon,Texas,15719,6837,695,31.291285,-96.048310
48291,Liberty,Texas,91628,27417,4107,30.159245,-94.925523
48293,Limestone,Texas,22146,8292,2022,31.590430,-96.519096
48295,Lipscomb,Texas,3059,1158,730,36.386639,-100.363063
48297,Live Oak,Texas,11335,3854,285,28.336604,-98.108137
48299,Llano,Texas,21243,9031,397,30.680229,-98.508665
48301,Loving,Texas,64,62,0,31.777896,-103.608978
48303,Lubbock,Texas,310639,116535,57265,33.552551,-101.894337
48305,Lynn,Texas,5596,2199,910,33.199122,-101.817174
48307,McCulloch,Texas,7630,3151,914,31.148033,-99.338842
48309,McLennan,Texas,260579,91422,26591,31.539980,-97.174773
48311,McMullen,Texas,600,229,12,28.438706,-98.523036
48313,Madison,Texas,13455,4205,920,30.955832,-95.899678
48315,Marion,Texas,9725,4535,741,32.789481,-94.423174
48317,Martin,Texas,5237,1722,682,32.173602,-101.827500
48319,Mason,Texas,3953,1668,90,30.754424,-99.220235
48321,Matagorda,Texas,36255,13900,3745,28.918149,-95.998903
48323,Maverick,Texas,57887,16647,1116,28.706412,-100.478172
48325,Medina,Texas,50748,15978,2870,29.313933,-98.953359
48327,Menard,Texas,1962,1035,61,30.901087,-99.776701
48329,Midland,Texas,169983,57917,26848,32.003156,-102.106550
48331,Milam,Texas,24754,9468,2063,30.744263,-97.008624
48333,Mills,Texas,4456,1752,363,31.483977,-98.578378
48335,Mitchell,Texas,8990,2419,1205,32.392285,-100.864009
48337,Montague,Texas,19965,7969,2714,33.632783,-97.760712
48339,Montgomery,Texas,620443,205719,87830,30.228848,-95.462136
48341,Moore,Texas,21358,6659,4053,35.902872,-101.956502
48343,Morris,Texas,11973,5170,2193,33.073156,-94.722880
48345,Motley,Texas,1063,496,34,34.013578,-100.842931
48347,Nacogdoches,Texas,64653,23765,5796,31.625667,-94.644584
48349,Navarro,Texas,52624,17509,5079,32.081317,-96.485996
48351,Newton,Texas,12217,5124,351,30.685761,-93.754831
48353,Nolan,Texas,14738,5516,2336,32.451081,-100.411741
48355,Nueces,Texas,353178,130482,21579,27.728576,-97.428318
48357,Ochiltree,Texas,10015,3391,2282,36.381051,-100.810093
48359,Oldham,Texas,1758,646,332,35.291939,-102.407570
48361,Orange,Texas,84808,31570,8319,30.120218,-93.865826
48363,Palo Pinto,Texas,28409,10334,3053,32.779308,-98.163963
48365,Panola,Texas,22491,8662,1806,32.163354,-94.335132
48367,Parker,Texas,148222,45848,5633,32.789424,-97.727364
48369,Parmer,Texas,9869,3213,1942,34.540661,-102.815696
48371,Pecos,Texas,15193,4868,1739,30.897060,-102.799260
48373,Polk,Texas,50123,17945,1910,30.736484,-94.936813
48375,Potter,Texas,118525,43957,28350,35.221526,-101.839818
48377,Presidio,Texas,6131,2580,490,29.838522,-104.249357
48379,Rains,Texas,12164,4321,325,32.885663,-95.795059
48381,Randall,Texas,140753,50092,28986,35.119788,-101.891409
48383,Reagan,Texas,3385,1117,416,31.214335,-101.466333
48385,Real,Texas,2758,1254,0,29.723692,-99.823692
48387,Red River,Texas,11587,5143,1588,33.591924,-95.078313
48389,Reeves,Texas,14748,3772,1984,31.387128,-103.526322
48391,Refugio,Texas,6741,2566,459,28.290523,-97.247591
48393,Roberts,Texas,827,329,144,35.716278,-100.695549
48395,Robertson,Texas,16757,6749,1754,30.966033,-96.543247
48397,Rockwall,Texas,107819,34457,14911,32.916866,-96.427986
48399,Runnels,Texas,9900,3891,1779,31.799180,-99.993610
48401,Rusk,Texas,52214,18056,4986,32.194387,-94.798485
48403,Sabine,Texas,9894,4524,562,31.339019,-93.849410
48405,San Augustine,Texas,7918,3712,556,31.441095,-94.152849
48407,San Jacinto,Texas,27402,10143,416,30.549124,-95.134690
48409,San Patricio,Texas,68755,23422,4885,27.942669,-97.391040
48411,San Saba,Texas,5730,2134,387,31.188156,-98.760354
48413,Schleicher,Texas,2451,1036,370,30.869698,-100.592817
48415,Scurry,Texas,16932,6115,2240,32.704112,-100.909103
48417,Shackelford,Texas,3105,1367,398,32.690986,-99.306244
48419,Shelby,Texas,24022,9486,1908,31.823503,-94.181492
48421,Sherman,Texas,2782,1070,680,36.332750,-102.008261
48423,Smith,Texas,233479,77809,30216,32.326145,-95.300981
48425,Somervell,Texas,9205,3145,451,32.234974,-97.752235
48427,Starr,Texas,65920,16281,540,26.387766,-98.843415
48429,Stephens,Texas,9101,3408,1500,32.756210,-98.902179
48431,Sterling,Texas,1372,405,101,31.834760,-100.993285
48433,Stonewall,Texas,1245,529,11,33.144536,-100.232471
48435,Sutton,Texas,3372,1282,379,30.563302,-100.627673
48437,Swisher,Texas,6971,2599,1693,34.532201,-101.771575
48439,Tarrant,Texas,2110640,722446,238520,32.764453,-97.247663
48441,Taylor,Texas,143208,50396,21413,32.417775,-99.767126
48443,Terrell,Texas,760,419,32,30.160108,-102.352197
48445,Terry,Texas,11831,4101,2587,33.182705,-102.271846
48447,Throckmorton,Texas,1440,713,165,33.141356,-99.139569
48449,Titus,Texas,31247,11064,2480,33.175862,-94.966537
48451,Tom Green,Texas,120003,42953,14645,31.451021,-100.461171
48453,Travis,Texas,1290188,491531,201188,30.314282,-97.748216
48455,Trinity,Texas,13602,6105,647,30.998905,-95.244685
48457,Tyler,Texas,19798,7109,597,30.738682,-94.367741
48459,Upshur,Texas,40892,14392,2263,32.697929,-94.922270
48461,Upton,Texas,3308,1344,506,31.180959,-102.124982
48463,Uvalde,Texas,24564,8921,1375,29.243318,-99.757846
48465,Val Verde,Texas,47586,16388,2994,29.380944,-100.898072
48467,Van Zandt,Texas,59541,20494,2255,32.577505,-95.837646
48469,Victoria,Texas,91319,32520,8960,28.825017,-96.991571
48471,Walker,Texas,76400,22515,2241,30.725832,-95.538696
48473,Waller,Texas,56794,15586,2756,29.996824,-95.953615
48475,Ward,Texas,11644,4100,1699,31.569290,-102.912603
48477,Washington,Texas,35805,13321,2174,30.181502,-96.397834
48479,Webb,Texas,267114,76382,10739,27.522979,-99.475549
48481,Wharton,Texas,41570,15248,3832,29.276712,-96.175435
48483,Wheeler,Texas,4990,2060,1106,35.352532,-100.263458
48485,Wichita,Texas,129350,48538,20939,33.920901,-98.552501
48487,Wilbarger,Texas,12887,5008,2372,34.144872,-99.296953
48489,Willacy,Texas,20164,5882,654,26.452376,-97.777449
48491,Williamson,Texas,609017,188113,90103,30.560987,-97.716991
48493,Wilson,Texas,49753,15975,1283,29.231356,-98.142982
48495,Winkler,Texas,7791,2618,1486,31.842332,-103.099200
48497,Wise,Texas,68632,22254,2792,33.161791,-97.629879
48499,Wood,Texas,44843,16716,2515,32.776047,-95.400092
48501,Yoakum,Texas,7694,2601,922,33.022609,-102.833127
48503,Young,Texas,17867,7491,3091,33.164283,-98.624184
48505,Zapata,Texas,13889,4689,203,26.903441,-99.266007
48507,Zavala,Texas,9670,3674,290,28.749410,-99.810168
49001,Beaver,Utah,7072,2213,1143,38.298080,-112.762542
49003,Box Elder,Utah,57666,17811,14622,41.592632,-112.098410
49005,Cache,Utah,133154,39581,32831,41.745425,-111.839724
49007,Carbon,Utah,20412,7802,6537,39.602446,-110.777569
49009,Daggett,Utah,935,169,5,40.967095,-109.647096
49011,Davis,Utah,362679,107104,94865,41.019939,-111.960883
49013,Duchesne,Utah,19596,7038,3044,40.289458,-110.162356
49015,Emery,Utah,9825,3732,2346,39.217578,-110.929942
49017,Garfield,Utah,5083,1851,404,37.765439,-112.100464
49019,Grand,Utah,9669,4442,3218,38.569056,-109.528693
49021,Iron,Utah,57289,17381,10881,37.708874,-113.076161
49023,Juab,Utah,11786,3478,2361,39.748396,-111.878638
49025,Kane,Utah,7667,2847,221,37.112169,-112.452998
49027,Millard,Utah,12975,4293,3228,39.209257,-112.485634
49029,Morgan,Utah,12295,3434,3007,41.083677,-111.724978
49031,Piute,Utah,1438,590,304,38.277169,-112.214410
49033,Rich,Utah,2510,641,298,41.776494,-111.285765
49035,Salt Lake,Utah,1185238,383324,329398,40.638514,-111.927686
49037,San Juan,Utah,14518,4577,1445,37.520520,-109.545503
49039,Sanpete,Utah,28437,8887,6830,39.384535,-111.605199
49041,Sevier,Utah,21522,7487,5769,38.771786,-112.044688
49043,Summit,Utah,42357,14474,12384,40.726848,-111.470958
49045,Tooele,Utah,72698,21147,18271,40.568237,-112.363002
49047,Uintah,Utah,35620,10739,6088,40.426449,-109.590270
49049,Utah,Utah,659399,171899,141757,40.278299,-111.749940
49051,Wasatch,Utah,34788,10505,8309,40.511436,-111.412185
49053,Washington,Utah,180279,59699,31885,37.130180,-113.524041
49055,Wayne,Utah,2486,995,24,38.361712,-111.473883
49057,Weber,Utah,262223,85205,74190,41.227609,-111.992699
50001,Addison,Vermont,37363,14700,692,44.060543,-73.165381
50003,Bennington,Vermont,37347,14585,303,42.980347,-73.148622
50005,Caledonia,Vermont,30233,12618,208,44.466488,-72.076449
50007,Chittenden,Vermont,168323,66478,37366,44.480291,-73.149824
50009,Essex,Vermont,5920,2882,31,44.663681,-71.741708
50011,Franklin,Vermont,49946,19045,5024,44.836315,-72.997625
50013,Grand Isle,Vermont,7293,2976,20,44.796249,-73.298725
50015,Lamoille,Vermont,25945,10770,361,44.583725,-72.655635
50017,Orange,Vermont,29277,12670,107,43.996141,-72.392814
50019,Orleans,Vermont,27393,11678,143,44.862555,-72.225524
50021,Rutland,Vermont,60572,25349,408,43.602602,-73.041302
50023,Washington,Vermont,59807,25310,502,44.243309,-72.587175
50025,Windham,Vermont,45905,19162,350,42.952898,-72.627862
50027,Windsor,Vermont,57753,24629,784,43.547294,-72.490571
51001,Accomack,Virginia,33413,13641,179,37.789059,-75.629449
51003,Albemarle,Virginia,112395,42381,6853,38.052435,-78.519241
51005,Alleghany,Virginia,15223,6529,1118,37.802458,-79.929858
51007,Amelia,Virginia,13265,5034,28,37.341510,-77.973985
51009,Amherst,Virginia,31307,12161,261,37.518911,-79.103500
51011,Appomattox,Virginia,16119,6158,49,37.360190,-78.837020
51013,Arlington,Virginia,238643,108604,53664,38.874744,-77.099874
51015,Augusta,Virginia,77487,30165,4112,38.127146,-79.031050
51017,Bath,Virginia,4209,1831,26,38.018911,-79.758923
51019,Bedford,Virginia,79462,31424,787,37.320204,-79.485385
51021,Bland,Virginia,6270,2326,5,37.150078,-81.087264
51023,Botetourt,Virginia,33596,13171,2274,37.446422,-79.853138
51025,Brunswick,Virginia,15849,6138,227,36.758266,-77.863297
51027,Buchanan,Virginia,20355,8270,220,37.264124,-82.059132
51029,Buckingham,Virginia,16824,5948,58,37.580161,-78.485095
51031,Campbell,Virginia,55696,23157,794,37.261518,-79.169047
51033,Caroline,Virginia,30887,10978,573,38.008700,-77.438652
51035,Carroll,Virginia,29155,12134,98,36.713036,-80.762136
51036,Charles City,Virginia,6773,2998,38,37.383394,-77.101446
51037,Charlotte,Virginia,11529,4836,76,37.022060,-78.630278
51041,Chesterfield,Virginia,364548,127230,34851,37.418312,-77.556155
51043,Clarke,Virginia,14783,5690,630,39.129417,-77.987382
51045,Craig,Virginia,4892,2219,11,37.475420,-80.173756
51047,Culpeper,Virginia,52552,17474,5146,38.498243,-77.999051
51049,Cumberland,Virginia,9675,4112,76,37.481359,-78.258673
51051,Dickenson,Virginia,14124,5727,152,37.143369,-82.378751
51053,Dinwiddie,Virginia,27947,10403,448,37.135652,-77.560510
51057,Essex,Virginia,10599,4551,114,37.908781,-76.901329
51059,Fairfax,Virginia,1150309,398653,220710,38.844726,-77.259110
51061,Fauquier,Virginia,72972,24617,4728,38.695515,-77.774094
51063,Floyd,Virginia,15476,6657,91,36.943205,-80.342366
51065,Fluvanna,Virginia,27249,9967,183,37.888642,-78.301835
51067,Franklin,Virginia,54477,22730,552,37.020940,-79.857581
51069,Frederick,Virginia,91419,32094,9003,39.166263,-78.188362
51071,Giles,Virginia,16787,6715,510,37.318524,-80.717789
51073,Gloucester,Virginia,38711,14792,338,37.376310,-76.529483
51075,Goochland,Virginia,24727,8711,612,37.700050,-77.837570
51077,Grayson,Virginia,15333,6388,24,36.645604,-81.114627
51079,Greene,Virginia,20552,7491,313,38.250643,-78.419667
51081,Greensville,Virginia,11391,3441,141,36.723794,-77.536797
51083,Halifax,Virginia,34022,14155,315,36.748512,-78.926925
51085,Hanover,Virginia,109979,39226,7037,37.686944,-77.418063
51087,Henrico,Virginia,334389,130434,47108,37.604639,-77.498572
51089,Henry,Virginia,50948,21012,1025,36.690100,-79.902329
51091,Highland,Virginia,2232,987,19,38.386566,-79.570507
51093,Isle of Wight,Virginia,38606,14611,3437,36.924550,-76.644703
51095,James City,Virginia,78254,29681,14107,37.297936,-76.759880
51097,King and Queen,Virginia,6608,2816,9,37.697980,-76.891199
51099,King George,Virginia,26723,9387,392,38.290179,-77.163647
51101,King William,Virginia,17810,6393,140,37.705655,-77.062634
51103,Lancaster,Virginia,10919,5287,101,37.703954,-76.435886
51105,Lee,Virginia,22173,8843,152,36.714437,-83.102612
51107,Loudoun,Virginia,420959,132565,77812,39.034341,-77.517540
51109,Louisa,Virginia,37596,14383,257,37.982264,-77.971413
51111,Lunenburg,Virginia,11936,4472,11,36.970037,-78.216617
51113,Madison,Virginia,13837,5098,138,38.376095,-78.234462
51115,Mathews,Virginia,8533,3881,18,37.445239,-76.342339
51117,Mecklenburg,Virginia,30319,12371,888,36.690417,-78.318472
51119,Middlesex,Virginia,10625,4764,129,37.601288,-76.503852
51121,Montgomery,Virginia,99721,35388,5773,37.189478,-80.413551
51125,Nelson,Virginia,14775,6398,139,37.812328,-78.873020
51127,New Kent,Virginia,22945,8117,546,37.497961,-77.041127
51131,Northampton,Virginia,12282,5151,75,37.388365,-75.919193
51133,Northumberland,Virginia,11839,5686,309,37.888285,-76.408327
51135,Nottoway,Virginia,15642,5568,67,37.146300,-78.078841
51137,Orange,Virginia,36254,13926,633,38.271901,-77.954737
51139,Page,Virginia,23709,9413,184,38.604540,-78.500572
51141,Patrick,Virginia,17608,7830,98,36.654401,-80.284499
51143,Pittsylvania,Virginia,60501,26205,1387,36.769810,-79.411183
51145,Powhatan,Virginia,30333,10392,285,37.542880,-77.875784
51147,Prince Edward,Virginia,21849,7394,83,37.257792,-78.422205
51149,Prince George,Virginia,43010,11763,1308,37.219071,-77.300134
51153,Prince William,Virginia,482204,144159,78986,38.691881,-77.411563
51155,Pulaski,Virginia,33800,14666,1441,37.082088,-80.703764
51157,Rappahannock,Virginia,7348,2827,15,38.695715,-78.123809
51159,Richmond,Virginia,8923,2939,43,37.947361,-76.716497
51161,Roanoke,Virginia,96929,38234,16425,37.270592,-79.990218
51163,Rockbridge,Virginia,22650,9301,602,37.787711,-79.427154
51165,Rockingham,Virginia,83757,31306,1053,38.452246,-78.838150
51167,Russell,Virginia,25781,10975,141,36.935321,-82.086825
51169,Scott,Virginia,21576,8710,64,36.683147,-82.596616
51171,Shenandoah,Virginia,44186,17541,936,38.870724,-78.526715
51173,Smyth,Virginia,29800,12694,1008,36.828217,-81.574516
51175,Southampton,Virginia,17996,6618,72,36.717292,-77.067406
51177,Spotsylvania,Virginia,140032,45463,13711,38.238583,-77.569152
51179,Stafford,Virginia,156927,48160,15400,38.415146,-77.450270
51181,Surry,Virginia,6561,2794,31,37.116405,-76.868309
51183,Sussex,Virginia,10829,3792,185,36.973226,-77.212078
51185,Tazewell,Virginia,40429,16371,1043,37.146681,-81.564501
51187,Warren,Virginia,40727,14641,417,38.927717,-78.178302
51191,Washington,Virginia,53935,22104,1750,36.702853,-81.972673
51193,Westmoreland,Virginia,18477,7910,191,38.160791,-76.854228
51195,Wise,Virginia,36130,14916,245,36.951164,-82.612989
51197,Wythe,Virginia,28290,12393,994,36.919638,-81.068530
51199,York,Virginia,70045,25517,12757,37.174598,-76.495318
51510,Alexandria,Virginia,159467,71289,35380,38.819775,-77.091035
51520,Bristol,Virginia,17219,7482,1310,36.610521,-82.169169
51530,Buena Vista,Virginia,6641,2509,932,37.733971,-79.352679
51540,Charlottesville,Virginia,46553,18814,7868,38.033197,-78.490351
51550,Chesapeake,Virginia,249422,86524,36990,36.755679,-76.282736
51570,Colonial Heights,Virginia,18170,7094,2578,37.264114,-77.401819
51580,Covington,Virginia,5737,2382,1132,37.781159,-79.989386
51590,Danville,Virginia,42590,18266,7197,36.591483,-79.409217
51595,Emporia,Virginia,5766,2076,9,36.692193,-77.541334
51600,Fairfax,Virginia,24146,8751,5142,38.851844,-77.302407
51610,Falls Church,Virginia,14658,5631,3289,38.883587,-77.174338
51620,Franklin,Virginia,8180,3516,109,36.679019,-76.937037
51630,Fredericksburg,Virginia,27982,11059,4796,38.299101,-77.483494
51640,Galax,Virginia,6720,2614,80,36.666194,-80.918852
51650,Hampton,Virginia,137148,54847,24771,37.043069,-76.367924
51660,Harrisonburg,Virginia,51814,16751,3044,38.440800,-78.868276
51670,Hopewell,Virginia,23033,9362,2092,37.289394,-77.305511
51678,Lexington,Virginia,7320,2066,1351,37.784392,-79.443722
51680,Lynchburg,Virginia,79009,28223,5758,37.392830,-79.190579
51683,Manassas,Virginia,42772,13066,5807,38.752740,-77.475101
51685,Manassas Park,Virginia,17219,4596,3155,38.772165,-77.448688
51690,Martinsville,Virginia,13485,5597,1683,36.682806,-79.863773
51700,Newport News,Virginia,186247,70376,27510,37.090511,-76.496261
51710,Norfolk,Virginia,238005,89398,33456,36.896214,-76.260623
51720,Norton,Virginia,3687,1877,10,36.937981,-82.623258
51730,Petersburg,Virginia,33458,13231,3920,37.209954,-77.395423
51735,Poquoson,Virginia,12460,4632,2007,37.131572,-76.381528
51740,Portsmouth,Virginia,97915,36650,18304,36.833211,-76.352840
51750,Radford,Virginia,16070,5677,1514,37.128256,-80.559565
51760,Richmond,Virginia,226610,91005,32983,37.535453,-77.466456
51770,Roanoke,Virginia,100011,41694,20197,37.278530,-79.960240
51775,Salem,Virginia,25346,9876,5452,37.286907,-80.056262
51790,Staunton,Virginia,25750,10638,5441,38.157632,-79.077240
51800,Suffolk,Virginia,94324,34603,12859,36.781867,-76.551079
51810,Virginia Beach,Virginia,459470,172452,58281,36.821388,-76.100566
51820,Waynesboro,Virginia,22196,9169,4903,38.072102,-78.898326
51830,Williamsburg,Virginia,15425,4485,2239,37.275238,-76.710426
51840,Winchester,Virginia,28120,10669,4023,39.174971,-78.170677
53001,Adams,Washington,20613,6035,1494,46.864934,-119.031492
53003,Asotin,Washington,22285,9286,4835,46.388404,-117.067850
53005,Benton,Washington,206873,73073,12795,46.229857,-119.276673
53007,Chelan,Washington,79074,29383,726,47.530181,-120.344656
53009,Clallam,Washington,77155,33197,554,48.094969,-123.436581
53011,Clark,Washington,503311,178478,59168,45.680599,-122.562440
53013,Columbia,Washington,3952,1795,45,46.323102,-117.976206
53015,Cowlitz,Washington,110730,42354,2582,46.135463,-122.894833
53017,Douglas,Washington,42938,15435,270,47.504279,-120.178914
53019,Ferry,Washington,7178,3175,36,48.617553,-118.520753
53021,Franklin,Washington,96749,27263,7997,46.303471,-119.125303
53023,Garfield,Washington,2286,986,0,46.472066,-117.577877
53025,Grant,Washington,99123,31908,841,47.144730,-119.466088
53027,Grays Harbor,Washington,75636,29433,3330,46.991256,-123.767517
53029,Island,Washington,86857,35326,5523,48.206300,-122.576951
53031,Jefferson,Washington,32977,15051,395,48.010517,-122.820477
53033,King,Washington,2269675,900061,384288,47.550488,-122.230405
53035,Kitsap,Washington,275611,105758,27106,47.612218,-122.632870
53037,Kittitas,Washington,44337,19162,3993,47.051833,-120.630456
53039,Klickitat,Washington,22735,9268,1758,45.798390,-121.146148
53041,Lewis,Washington,82149,31118,2535,46.618920,-122.839231
53043,Lincoln,Washington,10876,4628,1214,47.638472,-118.324539
53045,Mason,Washington,65726,25242,1869,47.288559,-123.034441
53047,Okanogan,Washington,42104,17884,191,48.446072,-119.591995
53049,Pacific,Washington,23365,9714,209,46.524578,-123.904809
53051,Pend Oreille,Washington,13401,5798,115,48.281535,-117.224181
53053,Pierce,Washington,921130,330999,112803,47.177735,-122.407463
53055,San Juan,Washington,17788,8459,221,48.575232,-122.979166
53057,Skagit,Washington,129523,49263,22777,48.466800,-122.335340
53059,Skamania,Washington,12036,4866,616,45.688621,-121.934210
53061,Snohomish,Washington,827957,298815,121010,47.927544,-122.188806
53063,Spokane,Washington,539339,206502,103733,47.680212,-117.368939
53065,Stevens,Washington,46445,17883,3747,48.277695,-117.812987
53067,Thurston,Washington,294793,112323,35896,47.000870,-122.836576
53069,Wahkiakum,Washington,4422,1900,36,46.236473,-123.426151
53071,Walla Walla,Washington,62584,22773,8650,46.077907,-118.391181
53073,Whatcom,Washington,226847,88978,36389,48.823210,-122.487638
53075,Whitman,Washington,47973,18485,5659,46.793601,-117.218080
53077,Yakima,Washington,256728,83765,19748,46.519342,-120.421590
54001,Barbour,West Virginia,15465,6484,3030,39.110076,-80.004391
54003,Berkeley,West Virginia,122076,45702,4912,39.458843,-77.981170
54005,Boone,West Virginia,21809,8691,3160,38.056440,-81.757507
54007,Braxton,West Virginia,12447,5341,1994,38.691905,-80.723592
54009,Brooke,West Virginia,22559,9792,5800,40.309452,-80.585926
54011,Cabell,West Virginia,94350,39296,18166,38.413593,-82.335182
54013,Calhoun,West Virginia,6229,2814,2167,38.852608,-81.104396
54015,Clay,West Virginia,8051,3385,1646,38.471941,-81.099320
54017,Doddridge,West Virginia,7808,2623,2077,39.285261,-80.721305
54019,Fayette,West Virginia,40488,17388,6610,38.032534,-81.129034
54021,Gilmer,West Virginia,7408,2516,1841,38.923122,-80.826516
54023,Grant,West Virginia,10976,4842,165,39.058737,-79.161030
54025,Greenbrier,West Virginia,32977,15436,2807,37.854476,-80.490891
54027,Hampshire,West Virginia,23093,9165,259,39.329412,-78.610531
54029,Hancock,West Virginia,29095,12676,7637,40.477168,-80.568865
54031,Hardy,West Virginia,14299,5933,281,39.039184,-78.881370
54033,Harrison,West Virginia,65921,27213,20928,39.287852,-80.338827
54035,Jackson,West Virginia,27791,11427,4126,38.839840,-81.713096
54037,Jefferson,West Virginia,57701,20957,810,39.313836,-77.847631
54039,Kanawha,West Virginia,180745,78137,40350,38.363316,-81.658246
54041,Lewis,West Virginia,17033,6472,4392,39.034218,-80.467800
54043,Lincoln,West Virginia,20463,8295,3074,38.201811,-82.066388
54045,Logan,West Virginia,32567,14164,4113,37.856159,-81.972493
54047,McDowell,West Virginia,19111,7431,688,37.396396,-81.656256
54049,Marion,West Virginia,56205,23033,16190,39.484338,-80.178811
54051,Marshall,West Virginia,30591,12350,6858,39.928298,-80.704828
54053,Mason,West Virginia,25453,10593,2038,38.827547,-82.058308
54055,Mercer,West Virginia,59664,25088,4808,37.352588,-81.138228
54057,Mineral,West Virginia,26938,10810,2481,39.464770,-78.909653
54059,Mingo,West Virginia,23568,10174,1595,37.704029,-82.153272
54061,Monongalia,West Virginia,105822,40233,21578,39.636527,-79.956836
54063,Monroe,West Virginia,12376,5496,612,37.524766,-80.641965
54065,Morgan,West Virginia,17063,7485,355,39.580983,-78.223029
54067,Nicholas,West Virginia,24604,10280,2864,38.278413,-80.772320
54069,Ohio,West Virginia,42425,17254,11560,40.078539,-80.672291
54071,Pendleton,West Virginia,6143,3194,12,38.672348,-79.337977
54073,Pleasants,West Virginia,7653,2822,2036,39.383391,-81.192758
54075,Pocahontas,West Virginia,7869,3578,82,38.286975,-80.021443
54077,Preston,West Virginia,34216,12430,2580,39.505510,-79.669791
54079,Putnam,West Virginia,57440,21694,7560,38.474402,-81.929372
54081,Raleigh,West Virginia,74591,31116,10904,37.770540,-81.200033
54083,Randolph,West Virginia,27932,10977,3676,38.870878,-79.872452
54085,Ritchie,West Virginia,8444,4161,3210,39.217711,-81.041532
54087,Roane,West Virginia,14028,5599,3239,38.728527,-81.345745
54089,Summers,West Virginia,11959,5617,693,37.665228,-80.849424
54091,Taylor,West Virginia,16705,6649,3567,39.338620,-80.066874
54093,Tucker,West Virginia,6762,3176,1628,39.110662,-79.602086
54095,Tyler,West Virginia,8313,3402,2373,39.514560,-80.930534
54097,Upshur,West Virginia,23816,9592,4449,38.954081,-80.228505
54099,Wayne,West Virginia,38982,15228,6776,38.267338,-82.494193
54101,Webster,West Virginia,8378,3582,63,38.469754,-80.476189
54103,Wetzel,West Virginia,14442,6022,4400,39.630012,-80.768843
54105,Wirt,West Virginia,5194,2557,1518,39.054220,-81.394474
54107,Wood,West Virginia,84296,35189,25550,39.266981,-81.530587
54109,Wyoming,West Virginia,21382,8674,2230,37.628585,-81.567271
55001,Adams,Wisconsin,20654,9111,2273,43.946194,-89.783120
55003,Ashland,Wisconsin,16027,6483,3280,46.475919,-90.785419
55005,Barron,Wisconsin,46711,19059,7660,45.437002,-91.815142
55007,Bayfield,Wisconsin,16220,7110,1642,46.594106,-91.104441
55009,Brown,Wisconsin,268740,106031,79771,44.497155,-88.034145
55011,Buffalo,Wisconsin,13317,5751,1124,44.380158,-91.741440
55013,Burnett,Wisconsin,16526,7242,1533,45.836891,-92.403811
55015,Calumet,Wisconsin,52442,19951,14287,44.152617,-88.262936
55017,Chippewa,Wisconsin,66297,26044,11708,44.984928,-91.328087
55019,Clark,Wisconsin,34659,12914,4483,44.788140,-90.550998
55021,Columbia,Wisconsin,58490,24336,13380,43.460151,-89.366154
55023,Crawford,Wisconsin,16113,6676,3350,43.165384,-91.005118
55025,Dane,Wisconsin,561504,226600,155413,43.075640,-89.395501
55027,Dodge,Wisconsin,89396,35007,21177,43.435904,-88.713062
55029,Door,Wisconsin,30066,13429,5280,44.915074,-87.335769
55031,Douglas,Wisconsin,44295,18994,10271,46.628582,-92.014830
55033,Dunn,Wisconsin,45440,17124,6070,44.914658,-91.892915
55035,Eau Claire,Wisconsin,105710,41602,23235,44.790208,-91.454792
55037,Florence,Wisconsin,4558,2038,818,45.853651,-88.244316
55039,Fond du Lac,Wisconsin,104154,41890,26107,43.765547,-88.487004
55041,Forest,Wisconsin,9179,3929,1327,45.563411,-88.812092
55043,Grant,Wisconsin,51938,19655,8991,42.827213,-90.612643
55045,Green,Wisconsin,37093,15240,7697,42.673838,-89.575106
55047,Green Lake,Wisconsin,19018,8024,4721,43.845067,-89.014675
55049,Iowa,Wisconsin,23709,9811,4275,42.981998,-90.122230
55051,Iron,Wisconsin,6137,2859,1240,46.343183,-90.189954
55053,Jackson,Wisconsin,21145,8246,2644,44.320677,-90.903038
55055,Jefferson,Wisconsin,84900,33349,21780,43.040342,-88.785594
55057,Juneau,Wisconsin,26718,10779,3744,43.843115,-90.097640
55059,Kenosha,Wisconsin,169151,64595,50900,42.572393,-87.924047
55061,Kewaunee,Wisconsin,20563,8249,4398,44.527818,-87.591703
55063,La Crosse,Wisconsin,120784,48105,29706,43.861018,-91.208863
55065,Lafayette,Wisconsin,16611,6777,2682,42.663323,-90.140565
55067,Langlade,Wisconsin,19491,8539,4793,45.185054,-89.104985
55069,Lincoln,Wisconsin,28415,12654,6461,45.288548,-89.686454
55071,Manitowoc,Wisconsin,81359,34435,25092,44.103610,-87.724344
55073,Marathon,Wisconsin,138013,55998,32139,44.907455,-89.707823
55075,Marinette,Wisconsin,41872,18869,8602,45.219097,-87.848007
55077,Marquette,Wisconsin,15592,6770,2319,43.810948,-89.407897
55078,Menominee,Wisconsin,4255,1400,70,44.912634,-88.635691
55079,Milwaukee,Wisconsin,939489,383703,305212,43.031416,-87.959526
55081,Monroe,Wisconsin,46274,18025,8047,43.942578,-90.644211
55083,Oconto,Wisconsin,38965,16283,7681,44.895367,-88.146318
55085,Oneida,Wisconsin,37845,15677,9594,45.710990,-89.493946
55087,Outagamie,Wisconsin,190705,74597,53219,44.308666,-88.401368
55089,Ozaukee,Wisconsin,91503,36166,27509,43.318810,-87.950093
55091,Pepin,Wisconsin,7318,3127,853,44.591768,-91.987424
55093,Pierce,Wisconsin,42212,15856,6902,44.773350,-92.547747
55095,Polk,Wisconsin,44977,18647,5924,45.404946,-92.481404
55097,Portage,Wisconsin,70377,28912,16494,44.498026,-89.526076
55099,Price,Wisconsin,14054,6676,2298,45.724359,-90.398050
55101,Racine,Wisconsin,197727,77648,60249,42.735037,-87.928046
55103,Richland,Wisconsin,17304,7580,2806,43.350268,-90.390394
55105,Rock,Wisconsin,163687,65237,44649,42.654810,-89.037935
55107,Rusk,Wisconsin,14188,6414,1767,45.444970,-91.130594
55109,St. Croix,Wisconsin,93536,34683,21569,45.017968,-92.580626
55111,Sauk,Wisconsin,65763,26751,13698,43.449264,-89.868041
55113,Sawyer,Wisconsin,18074,7893,1644,45.938054,-91.345247
55115,Shawano,Wisconsin,40881,17153,7653,44.786908,-88.681002
55117,Sheboygan,Wisconsin,118034,47754,35043,43.733622,-87.819076
55119,Taylor,Wisconsin,19913,8623,2270,45.172334,-90.408593
55121,Trempealeau,Wisconsin,30760,12143,6113,44.287418,-91.363458
55123,Vernon,Wisconsin,30714,12146,4321,43.605271,-90.835696
55125,Vilas,Wisconsin,23047,10917,5230,45.988218,-89.496963
55127,Walworth,Wisconsin,106478,41414,30911,42.662934,-88.540338
55129,Washburn,Wisconsin,16623,7290,2210,45.848159,-91.835392
55131,Washington,Wisconsin,136761,54787,38564,43.345574,-88.216407
55133,Waukesha,Wisconsin,406978,159780,126704,43.035960,-88.236186
55135,Waupaca,Wisconsin,51812,22486,11062,44.432697,-88.937028
55137,Waushara,Wisconsin,24520,10053,3876,44.101477,-89.225784
55139,Winnebago,Wisconsin,171730,71132,51467,44.101514,-88.540906
55141,Wood,Wisconsin,74207,32707,20388,44.478457,-89.962546
56001,Albany,Wyoming,37066,16137,9905,41.313442,-105.596073
56003,Big Horn,Wyoming,11521,4408,2842,44.635296,-108.250971
56005,Campbell,Wyoming,47026,17506,9426,44.257046,-105.495519
56007,Carbon,Wyoming,14537,6226,3666,41.659869,-107.078124
56009,Converse,Wyoming,13751,5461,3057,42.788528,-105.520738
56011,Crook,Wyoming,7181,2826,284,44.434922,-104.619744
56013,Fremont,Wyoming,39234,14834,7904,43.010698,-108.609469
56015,Goshen,Wyoming,12498,5234,2742,42.050142,-104.220172
56017,Hot Springs,Wyoming,4621,2187,1371,43.661523,-108.232641
56019,Johnson,Wyoming,8447,3961,2293,44.288278,-106.695709
56021,Laramie,Wyoming,100512,40202,28714,41.153937,-104.771336
56023,Lincoln,Wyoming,19581,7348,1809,42.648291,-110.872872
56025,Natrona,Wyoming,79955,32896,24008,42.842184,-106.335315
56027,Niobrara,Wyoming,2467,900,437,42.810897,-104.450987
56029,Park,Wyoming,29624,12575,8139,44.614008,-108.972540
56031,Platte,Wyoming,8605,3846,1930,42.106509,-104.929825
56033,Sheridan,Wyoming,30921,13294,7374,44.780986,-106.977846
56035,Sublette,Wyoming,8728,3529,1483,42.807278,-109.943507
56037,Sweetwater,Wyoming,42272,15726,12469,41.580564,-109.302521
56039,Teton,Wyoming,23331,10027,1975,43.491744,-110.785815
56041,Uinta,Wyoming,20450,7789,4846,41.271502,-110.760395
56043,Washakie,Wyoming,7685,3437,2424,44.012223,-107.905059
56045,Weston,Wyoming,6838,2882,1112,43.908449,-104.304384
